id,tile,row,col,elev,aspect,slope,lat,lon,e_lv95,n_lv95,band,asp_c,slope_cls
t2_1600_N_20-30_0,2,570,581,1592.4,10.8,24.9,46.567174,7.769603,2625375.0,1157375.0,1600,N,20-30
t2_1600_NE_20-30_1,2,643,390,1547.6,35.7,25.7,46.403108,7.14769,2577625.0,1139125.0,1600,NE,20-30
t2_1600_NE_20-30_2,2,574,566,1588.1,66.3,26.6,46.55831,7.720645,2621625.0,1156375.0,1600,NE,20-30
t2_1600_E_20-30_3,2,548,539,1517.5,82.4,25.2,46.616965,7.63283,2614875.0,1162875.0,1600,E,20-30
t2_1600_SE_20-30_4,2,661,350,1625.5,127.7,24.0,46.362219,7.017973,2567625.0,1134625.0,1600,SE,20-30
t2_1600_S_20-30_5,2,642,583,1531.4,159.0,28.8,46.405236,7.775119,2625875.0,1139375.0,1600,S,20-30
t2_1600_S_20-30_6,2,659,382,1560.8,186.2,26.2,46.367056,7.121894,2575625.0,1135125.0,1600,S,20-30
t2_1600_S_20-30_7,2,673,544,1603.4,201.9,22.9,46.335825,7.648063,2616125.0,1131625.0,1600,S,20-30
t2_1600_SW_20-30_8,2,605,481,1635.8,243.0,26.7,46.488942,7.443525,2600375.0,1148625.0,1600,SW,20-30
t2_1600_W_20-30_9,2,614,520,1596.3,265.7,24.5,46.468627,7.57046,2610125.0,1146375.0,1600,W,20-30
t2_1600_NW_20-30_10,2,580,537,1561.8,295.4,24.2,46.545012,7.626054,2614375.0,1154875.0,1600,NW,20-30
t2_1600_N_20-30_11,2,540,486,1565.8,337.7,26.2,46.635118,7.459859,2601625.0,1164875.0,1600,N,20-30
t2_1600_N_30-42_12,2,583,615,1601.8,353.9,36.9,46.537563,7.880227,2633875.0,1154125.0,1600,N,30-42
t2_1600_NE_30-42_13,2,533,738,1596.0,23.2,41.1,46.64774,8.282806,2664625.0,1166625.0,1600,NE,30-42
t2_1600_NE_30-42_14,2,521,724,1594.9,62.5,34.6,46.675054,8.237489,2661125.0,1169625.0,1600,NE,30-42
t2_1600_E_30-42_15,2,705,415,1656.6,92.0,38.9,46.263856,7.229501,2583875.0,1123625.0,1600,E,30-42
t2_1600_SE_30-42_16,2,704,431,1647.2,129.7,32.8,46.26619,7.281375,2587875.0,1123875.0,1600,SE,30-42
t2_1600_S_30-42_17,2,673,596,1576.5,158.7,37.0,46.335388,7.816896,2629125.0,1131625.0,1600,S,30-42
t2_1600_S_30-42_18,2,511,497,1613.0,175.8,31.8,46.700324,7.49584,2604375.0,1172125.0,1600,S,30-42
t2_1600_SW_30-42_19,2,566,580,1517.8,217.9,31.6,46.576179,7.766396,2625125.0,1158375.0,1600,SW,30-42
t2_1600_SW_30-42_20,2,571,498,1521.9,247.1,36.2,46.565389,7.49896,2604625.0,1157125.0,1600,SW,30-42
t2_1600_W_30-42_21,2,566,517,1595.7,262.0,35.1,46.576584,7.560937,2609375.0,1158375.0,1600,W,30-42
t2_1600_NW_30-42_22,2,520,720,1613.7,300.2,37.1,46.677394,8.224454,2660125.0,1169875.0,1600,NW,30-42
t2_1600_N_30-42_23,2,646,585,1685.9,338.7,35.2,46.396221,7.781564,2626375.0,1138375.0,1600,N,30-42
t2_1600_N_42-55_24,2,544,637,1658.9,3.6,47.5,46.624968,7.952754,2639375.0,1163875.0,1600,N,42-55
t2_1600_NE_42-55_25,2,514,520,1548.5,29.7,47.9,46.693515,7.571005,2610125.0,1171375.0,1600,NE,42-55
t2_1600_NE_42-55_26,2,581,543,1594.4,63.3,48.1,46.542729,7.645602,2615875.0,1154625.0,1600,NE,42-55
t2_1600_E_42-55_27,2,668,644,1486.2,95.6,44.7,46.346005,7.97285,2641125.0,1132875.0,1600,E,42-55
t2_1600_SE_42-55_28,2,559,494,1642.4,117.5,46.2,46.592382,7.485941,2603625.0,1160125.0,1600,SE,42-55
t2_1600_SE_42-55_29,2,580,612,1601.3,154.2,47.4,46.544347,7.870504,2633125.0,1154875.0,1600,SE,42-55
t2_1600_S_42-55_30,2,617,555,1786.8,180.6,48.6,46.461691,7.684346,2618875.0,1145625.0,1600,S,42-55
t2_1600_S_42-55_31,2,721,411,1624.1,198.2,49.6,46.227849,7.216679,2582875.0,1119625.0,1600,S,42-55
t2_1600_SW_42-55_32,2,673,635,1600.4,240.7,43.3,46.334895,7.943519,2638875.0,1131625.0,1600,SW,42-55
t2_1600_W_42-55_33,2,579,625,1741.0,264.5,48.1,46.546428,7.912894,2636375.0,1155125.0,1600,W,42-55
t2_1600_NW_42-55_34,2,558,572,1570.4,302.7,49.7,46.594242,7.740407,2623125.0,1160375.0,1600,NW,42-55
t2_1600_NW_42-55_35,2,546,671,1647.1,326.6,51.4,46.619915,8.063681,2647875.0,1163375.0,1600,NW,42-55
t2_2000_N_20-30_36,2,506,675,1928.0,355.8,21.1,46.709795,8.077799,2648875.0,1173375.0,2000,N,20-30
t2_2000_N_20-30_37,2,650,394,2048.3,21.6,24.5,46.387398,7.160774,2578625.0,1137375.0,2000,N,20-30
t2_2000_NE_20-30_38,2,531,708,2030.9,60.4,23.5,46.652921,8.184905,2657125.0,1167125.0,2000,NE,20-30
t2_2000_E_20-30_39,2,664,640,2052.2,83.3,23.6,46.355061,7.959946,2640125.0,1133875.0,2000,E,20-30
t2_2000_SE_20-30_40,2,637,687,1954.9,118.2,22.4,46.414975,8.113349,2651875.0,1140625.0,2000,SE,20-30
t2_2000_SE_20-30_41,2,634,590,1997.4,154.9,29.7,46.423157,7.797995,2627625.0,1141375.0,2000,SE,20-30
t2_2000_S_20-30_42,2,531,654,1941.1,186.0,21.6,46.653939,8.008552,2643625.0,1167125.0,2000,S,20-30
t2_2000_SW_20-30_43,2,666,514,2023.6,217.7,26.9,46.351704,7.550691,2608625.0,1133375.0,2000,SW,20-30
t2_2000_SW_20-30_44,2,612,491,1935.7,238.4,21.2,46.473194,7.476074,2602875.0,1146875.0,2000,SW,20-30
t2_2000_W_20-30_45,2,663,542,2001.6,280.4,25.5,46.358325,7.641653,2615625.0,1134125.0,2000,W,20-30
t2_2000_NW_20-30_46,2,649,659,2046.4,306.3,24.1,46.388493,8.022018,2644875.0,1137625.0,2000,NW,20-30
t2_2000_NW_20-30_47,2,628,614,1978.2,333.6,27.2,46.436377,7.876151,2633625.0,1142875.0,2000,NW,20-30
t2_2000_N_30-42_48,2,604,567,2020.6,355.9,41.4,46.490836,7.723551,2621875.0,1148875.0,2000,N,30-42
t2_2000_N_30-42_49,2,590,502,1991.5,19.7,36.8,46.522653,7.511946,2605625.0,1152375.0,2000,N,30-42
t2_2000_NE_30-42_50,2,596,725,1958.8,53.6,37.5,46.506373,8.23826,2661375.0,1150875.0,2000,NE,30-42
t2_2000_E_30-42_51,2,658,572,2006.9,80.9,35.2,46.369354,7.73916,2623125.0,1135375.0,2000,E,30-42
t2_2000_E_30-42_52,2,613,537,1835.7,109.1,35.7,46.470798,7.625798,2614375.0,1146625.0,2000,E,30-42
t2_2000_SE_30-42_53,2,621,572,1968.9,147.2,35.9,46.452563,7.73962,2623125.0,1144625.0,2000,SE,30-42
t2_2000_S_30-42_54,2,646,541,2035.0,170.3,35.7,46.396562,7.638545,2615375.0,1138375.0,2000,S,30-42
t2_2000_SW_30-42_55,2,664,478,2028.0,210.1,39.0,46.356257,7.433771,2599625.0,1133875.0,2000,SW,30-42
t2_2000_SW_30-42_56,2,554,673,2163.7,231.5,39.0,46.601889,8.069999,2648375.0,1161375.0,2000,SW,30-42
t2_2000_W_30-42_57,2,620,461,2005.2,262.6,35.1,46.455192,7.378443,2595375.0,1144875.0,2000,W,30-42
t2_2000_W_30-42_58,2,548,602,2018.2,290.9,36.4,46.61643,7.838442,2630625.0,1162875.0,2000,W,30-42
t2_2000_NW_30-42_59,2,635,603,2018.1,318.7,35.6,46.420767,7.840254,2630875.0,1141125.0,2000,NW,30-42
t2_2000_N_42-55_60,2,573,637,2139.9,355.2,48.9,46.559751,7.952135,2639375.0,1156625.0,2000,N,42-55
t2_2000_NE_42-55_61,2,620,550,1985.3,22.6,49.3,46.454979,7.668046,2617625.0,1144875.0,2000,NE,42-55
t2_2000_NE_42-55_62,2,668,528,1955.0,62.2,46.7,46.347153,7.596147,2612125.0,1132875.0,2000,NE,42-55
t2_2000_E_42-55_63,2,520,709,2003.0,95.7,54.8,46.677636,8.188514,2657375.0,1169875.0,2000,E,42-55
t2_2000_SE_42-55_64,2,658,613,2051.0,126.6,44.8,46.368923,7.87236,2633375.0,1135375.0,2000,SE,42-55
t2_2000_SE_42-55_65,2,753,371,2008.1,141.6,49.9,46.155555,7.08753,2572875.0,1111625.0,2000,SE,42-55
t2_2000_S_42-55_66,2,718,403,2079.2,186.0,45.7,46.234542,7.190725,2580875.0,1120375.0,2000,S,42-55
t2_2000_S_42-55_67,2,687,413,1980.5,201.2,47.2,46.304324,7.222855,2583375.0,1128125.0,2000,S,42-55
t2_2000_W_42-55_68,2,662,633,2004.8,251.0,44.0,46.359661,7.937252,2638375.0,1134375.0,2000,W,42-55
t2_2000_W_42-55_69,2,666,602,1925.4,264.2,43.3,46.351063,7.836492,2630625.0,1133375.0,2000,W,42-55
t2_2000_NW_42-55_70,2,536,680,1993.5,308.1,53.3,46.642239,8.093327,2650125.0,1165875.0,2000,NW,42-55
t2_2000_NW_42-55_71,2,572,587,1987.7,331.9,46.8,46.562618,7.789138,2626875.0,1156875.0,2000,NW,42-55
t2_2400_N_20-30_72,2,553,715,2452.9,357.6,27.6,46.603296,8.207062,2658875.0,1161625.0,2400,N,20-30
t2_2400_NE_20-30_73,2,592,582,2400.5,35.3,26.9,46.51769,7.772559,2625625.0,1151875.0,2400,NE,20-30
t2_2400_NE_20-30_74,2,738,378,2506.8,57.6,20.5,46.189357,7.109979,2574625.0,1115375.0,2400,NE,20-30
t2_2400_E_20-30_75,2,546,734,2401.2,95.1,24.5,46.618602,8.269296,2663625.0,1163375.0,2400,E,20-30
t2_2400_SE_20-30_76,2,651,569,2408.3,113.1,23.1,46.385122,7.729498,2622375.0,1137125.0,2400,SE,20-30
t2_2400_SE_20-30_77,2,632,585,2406.4,145.3,23.1,46.427705,7.781763,2626375.0,1141875.0,2400,SE,20-30
t2_2400_S_20-30_78,2,731,377,2394.9,179.1,25.0,46.205089,7.106644,2574375.0,1117125.0,2400,S,20-30
t2_2400_SW_20-30_79,2,519,672,2418.4,207.4,25.1,46.680615,8.067651,2648125.0,1170125.0,2400,SW,20-30
t2_2400_SW_20-30_80,2,665,621,2382.5,240.9,24.0,46.353079,7.898217,2635375.0,1133625.0,2400,SW,20-30
t2_2400_W_20-30_81,2,634,539,2414.2,263.6,20.3,46.42356,7.63214,2614875.0,1141375.0,2400,W,20-30
t2_2400_W_20-30_82,2,634,674,2296.1,289.4,29.7,46.421965,8.071159,2648625.0,1141375.0,2400,W,20-30
t2_2400_NW_20-30_83,2,602,618,2380.2,323.6,24.2,46.494797,7.889648,2634625.0,1149375.0,2400,NW,20-30
t2_2400_N_30-42_84,2,572,724,2443.5,357.5,37.8,46.560367,8.235797,2661125.0,1156875.0,2400,N,30-42
t2_2400_NE_30-42_85,2,626,555,2406.7,36.5,34.6,46.441451,7.684255,2618875.0,1143375.0,2400,NE,30-42
t2_2400_NE_30-42_86,2,564,611,2402.1,56.3,37.0,46.580342,7.867529,2632875.0,1158875.0,2400,NE,30-42
t2_2400_E_30-42_87,2,666,628,2424.1,85.9,36.4,46.350736,7.920931,2637125.0,1133375.0,2400,E,30-42
t2_2400_SE_30-42_88,2,614,534,2359.2,117.3,38.1,46.468565,7.616026,2613625.0,1146375.0,2400,SE,30-42
t2_2400_SE_30-42_89,2,621,614,2428.4,151.5,33.6,46.452119,7.876278,2633625.0,1144625.0,2400,SE,30-42
t2_2400_S_30-42_90,2,689,399,2462.7,185.2,39.4,46.29973,7.177448,2579875.0,1127625.0,2400,S,30-42
t2_2400_SW_30-42_91,2,635,647,2383.4,211.2,35.3,46.420171,7.983335,2641875.0,1141125.0,2400,SW,30-42
t2_2400_SW_30-42_92,2,738,368,2397.3,235.1,39.0,46.189258,7.077598,2572125.0,1115375.0,2400,SW,30-42
t2_2400_W_30-42_93,2,657,452,2521.8,275.3,37.9,46.371963,7.349295,2593125.0,1135625.0,2400,W,30-42
t2_2400_NW_30-42_94,2,623,579,2439.3,309.8,35.1,46.448003,7.76237,2624875.0,1144125.0,2400,NW,30-42
t2_2400_NW_30-42_95,2,710,405,2315.7,318.6,36.7,46.252547,7.197126,2581375.0,1122375.0,2400,NW,30-42
t2_2400_N_42-55_96,2,549,681,2450.9,354.6,47.8,46.612985,8.096237,2650375.0,1162625.0,2400,N,42-55
t2_2400_NE_42-55_97,2,535,729,2407.6,29.1,45.8,46.643456,8.25335,2662375.0,1166125.0,2400,NE,42-55
t2_2400_NE_42-55_98,2,666,471,2376.0,51.8,50.3,46.351755,7.411037,2597875.0,1133375.0,2400,NE,42-55
t2_2400_E_42-55_99,2,653,627,2464.2,96.9,46.6,46.379985,7.917941,2636875.0,1136625.0,2400,E,42-55
t2_2400_SE_42-55_100,2,592,610,2469.3,119.2,48.6,46.517386,7.863774,2632625.0,1151875.0,2400,SE,42-55
t2_2400_SE_42-55_101,2,614,577,2406.8,157.5,45.8,46.468261,7.755981,2624375.0,1146375.0,2400,SE,42-55
t2_2400_S_42-55_102,2,566,731,2367.3,176.3,48.5,46.573697,8.258823,2662875.0,1158375.0,2400,S,42-55
t2_2400_SW_42-55_103,2,618,566,2477.7,215.0,45.5,46.459359,7.720132,2621625.0,1145375.0,2400,SW,42-55
t2_2400_SW_42-55_104,2,652,631,2494.7,241.2,46.5,46.382178,7.930959,2637875.0,1136875.0,2400,SW,42-55
t2_2400_W_42-55_105,2,611,697,2344.1,272.6,45.4,46.473246,8.146626,2654375.0,1147125.0,2400,W,42-55
t2_2400_NW_42-55_106,2,669,423,2410.6,293.7,49.0,46.344862,7.255167,2585875.0,1132625.0,2400,NW,42-55
t2_2400_NW_42-55_107,2,558,658,2414.6,336.4,49.1,46.593154,8.020961,2644625.0,1160375.0,2400,NW,42-55
t2_2800_N_20-30_108,2,556,714,2793.7,354.0,20.3,46.596571,8.203704,2658625.0,1160875.0,2800,N,20-30
t2_2800_NE_20-30_109,2,569,665,2790.3,24.1,28.2,46.568298,8.04352,2646375.0,1157625.0,2800,NE,20-30
t2_2800_NE_20-30_110,2,623,661,2718.4,49.2,27.2,46.44693,8.029153,2645375.0,1144125.0,2800,NE,20-30
t2_2800_E_20-30_111,2,550,704,2786.2,90.7,23.4,46.610279,8.171263,2656125.0,1162375.0,2800,E,20-30
t2_2800_E_20-30_112,2,606,691,2792.1,111.3,28.1,46.48461,8.127239,2652875.0,1148375.0,2800,E,20-30
t2_2800_SE_20-30_113,2,645,638,2820.4,138.5,27.1,46.397819,7.953855,2639625.0,1138625.0,2800,SE,20-30
t2_2800_S_20-30_114,2,613,633,2802.1,182.4,21.3,46.469855,7.938265,2638375.0,1146625.0,2800,S,20-30
t2_2800_SW_20-30_115,2,604,674,2833.7,208.7,25.0,46.48943,8.071946,2648625.0,1148875.0,2800,SW,20-30
t2_2800_SW_20-30_116,2,546,687,2849.4,243.9,27.1,46.619617,8.115902,2651875.0,1163375.0,2800,SW,20-30
t2_2800_W_20-30_117,2,645,504,2828.1,264.8,25.6,46.398959,7.518282,2606125.0,1138625.0,2800,W,20-30
t2_2800_NW_20-30_118,2,616,587,2820.4,308.5,23.3,46.463668,7.788499,2626875.0,1145875.0,2800,NW,20-30
t2_2800_NW_20-30_119,2,609,566,2794.1,331.3,25.8,46.479599,7.720237,2621625.0,1147625.0,2800,NW,20-30
t2_2800_N_30-42_120,2,586,717,2816.5,356.5,36.4,46.529042,8.212526,2659375.0,1153375.0,2800,N,30-42
t2_2800_NE_30-42_121,2,636,548,2754.7,26.2,35.6,46.419009,7.661391,2617125.0,1140875.0,2800,NE,30-42
t2_2800_NE_30-42_122,2,563,698,2808.5,65.3,31.5,46.581168,8.151299,2654625.0,1159125.0,2800,NE,30-42
t2_2800_E_30-42_123,2,658,596,2742.9,85.7,36.0,46.369121,7.817131,2629125.0,1135375.0,2800,E,30-42
t2_2800_SE_30-42_124,2,630,639,2811.0,115.1,32.5,46.431537,7.957428,2639875.0,1142375.0,2800,SE,30-42
t2_2800_SE_30-42_125,2,606,586,2762.7,154.0,38.2,46.486166,7.785388,2626625.0,1148375.0,2800,SE,30-42
t2_2800_S_30-42_126,2,563,711,2808.1,175.0,32.5,46.580895,8.193698,2657875.0,1159125.0,2800,S,30-42
t2_2800_SW_30-42_127,2,559,704,2778.5,211.5,37.6,46.590039,8.170989,2656125.0,1160125.0,2800,SW,30-42
t2_2800_SW_30-42_128,2,558,681,2728.3,247.1,34.4,46.592746,8.095991,2650375.0,1160375.0,2800,SW,30-42
t2_2800_W_30-42_129,2,606,577,2830.5,265.5,35.0,46.486252,7.756086,2624375.0,1148375.0,2800,W,30-42
t2_2800_NW_30-42_130,2,624,628,2734.4,311.9,32.6,46.445188,7.92177,2637125.0,1143875.0,2800,NW,30-42
t2_2800_NW_30-42_131,2,576,708,2783.7,329.4,33.8,46.551725,8.183511,2657125.0,1155875.0,2800,NW,30-42
t2_2800_N_42-55_132,2,599,591,2835.0,4.0,47.7,46.501858,7.801773,2627875.0,1150125.0,2800,N,42-55
t2_2800_NE_42-55_133,2,572,670,2841.7,25.7,44.1,46.561464,8.059746,2647625.0,1156875.0,2800,NE,42-55
t2_2800_NE_42-55_134,2,650,625,2898.9,64.4,45.2,46.386759,7.911501,2636375.0,1137375.0,2800,NE,42-55
t2_2800_E_42-55_135,2,632,561,2699.4,84.1,46.7,46.427914,7.703708,2620375.0,1141875.0,2800,E,42-55
t2_2800_SE_42-55_136,2,615,573,2757.8,127.1,43.9,46.466048,7.742949,2623375.0,1146125.0,2800,SE,42-55
t2_2800_S_42-55_137,2,688,404,2789.8,160.0,47.8,46.302016,7.193661,2581125.0,1127875.0,2800,S,42-55
t2_2800_S_42-55_138,2,622,668,2785.2,194.6,42.9,46.449058,8.051952,2647125.0,1144375.0,2800,S,42-55
t2_2800_SW_42-55_139,2,636,651,2722.0,227.7,44.2,46.417859,7.996319,2642875.0,1140875.0,2800,SW,42-55
t2_2800_SW_42-55_140,2,582,632,2861.5,234.4,45.3,46.539584,7.935648,2638125.0,1154375.0,2800,SW,42-55
t2_2800_W_42-55_141,2,659,586,2773.9,270.0,44.8,46.366976,7.784629,2626625.0,1135125.0,2800,W,42-55
t2_2800_NW_42-55_142,2,626,578,2817.6,295.1,42.6,46.441265,7.759076,2624625.0,1143375.0,2800,NW,42-55
t2_2800_NW_42-55_143,2,632,620,2862.2,337.1,46.3,46.427305,7.895592,2635125.0,1141875.0,2800,NW,42-55
t3_1600_N_20-30_0,3,722,483,1593.6,7.5,23.5,46.22582,7.449986,2600875.0,1119375.0,1600,N,20-30
t3_1600_NE_20-30_1,3,838,639,1681.3,23.6,26.4,45.963778,7.952997,2639875.0,1090375.0,1600,NE,20-30
t3_1600_NE_20-30_2,3,797,406,1555.7,59.8,21.5,46.056902,7.201226,2581625.0,1100625.0,1600,NE,20-30
t3_1600_E_20-30_3,3,734,521,1618.1,90.2,26.6,46.198755,7.573049,2610375.0,1116375.0,1600,E,20-30
t3_1600_E_20-30_4,3,719,292,1622.4,108.4,20.9,46.230928,6.831033,2553125.0,1120125.0,1600,E,20-30
t3_1600_SE_20-30_5,3,821,322,1621.2,149.6,25.5,46.002029,6.930395,2560625.0,1094625.0,1600,SE,20-30
t3_1600_S_20-30_6,3,898,412,1579.9,184.2,25.7,45.829809,7.221514,2583125.0,1075375.0,1600,S,20-30
t3_1600_SW_20-30_7,3,763,262,1626.2,214.1,24.5,46.131415,6.735102,2545625.0,1109125.0,1600,SW,20-30
t3_1600_SW_20-30_8,3,746,483,1557.1,232.4,24.5,46.171846,7.449976,2600875.0,1113375.0,1600,SW,20-30
t3_1600_W_20-30_9,3,733,529,1635.4,269.4,26.6,46.20097,7.598965,2612375.0,1116625.0,1600,W,20-30
t3_1600_NW_20-30_10,3,801,332,1721.4,304.2,23.3,46.047147,6.962271,2563125.0,1099625.0,1600,NW,20-30
t3_1600_N_20-30_11,3,712,506,1624.5,341.6,24.4,46.248277,7.524547,2606625.0,1121875.0,1600,N,20-30
t3_1600_N_30-42_12,3,735,716,1547.1,2.5,36.2,46.193993,8.204531,2659125.0,1116125.0,1600,N,30-42
t3_1600_NE_30-42_13,3,755,479,1582.9,25.4,33.4,46.151607,7.437028,2599875.0,1111125.0,1600,NE,30-42
t3_1600_NE_30-42_14,3,763,487,1513.2,53.0,39.2,46.133613,7.462907,2601875.0,1109125.0,1600,NE,30-42
t3_1600_E_30-42_15,3,798,383,1581.7,81.4,35.2,46.054471,7.126944,2575875.0,1100375.0,1600,E,30-42
t3_1600_SE_30-42_16,3,768,344,1592.0,130.3,34.9,46.121516,7.00043,2566125.0,1107875.0,1600,SE,30-42
t3_1600_S_30-42_17,3,676,262,1637.2,158.5,33.1,46.327061,6.732564,2545625.0,1130875.0,1600,S,30-42
t3_1600_S_30-42_18,3,829,672,1604.0,182.8,37.1,45.983481,8.05964,2648125.0,1092625.0,1600,S,30-42
t3_1600_SW_30-42_19,3,835,648,1600.5,204.2,36.5,45.970388,7.982086,2642125.0,1091125.0,1600,SW,30-42
t3_1600_SW_30-42_20,3,800,373,1628.4,243.3,36.9,46.049879,7.094672,2573375.0,1099875.0,1600,SW,30-42
t3_1600_W_30-42_21,3,739,625,1606.9,259.8,34.3,46.18661,7.909767,2636375.0,1115125.0,1600,W,30-42
t3_1600_NW_30-42_22,3,808,324,1521.7,298.2,37.7,46.031292,6.93658,2561125.0,1097875.0,1600,NW,30-42
t3_1600_N_30-42_23,3,697,524,1628.5,341.2,37.1,46.281952,7.582985,2611125.0,1125625.0,1600,N,30-42
t3_1600_N_42-55_24,3,661,282,1505.5,353.7,47.0,46.361181,6.797089,2550625.0,1134625.0,1600,N,42-55
t3_1600_NE_42-55_25,3,727,614,1606.6,33.7,49.7,46.213739,7.874365,2633625.0,1118125.0,1600,NE,42-55
t3_1600_NE_42-55_26,3,734,618,1593.6,63.0,46.5,46.197946,7.887194,2634625.0,1116375.0,1600,NE,42-55
t3_1600_E_42-55_27,3,761,586,1657.3,84.6,54.5,46.13759,7.783176,2626625.0,1109625.0,1600,E,42-55
t3_1600_SE_42-55_28,3,740,590,1609.9,116.4,45.3,46.184776,7.796426,2627625.0,1114875.0,1600,SE,42-55
t3_1600_SE_42-55_29,3,833,635,1651.9,152.8,43.1,45.97508,7.940202,2638875.0,1091625.0,1600,SE,42-55
t3_1600_S_42-55_30,3,773,270,1658.8,168.4,43.8,46.109086,6.761258,2547625.0,1106625.0,1600,S,42-55
t3_1600_SW_42-55_31,3,786,299,1534.6,219.3,47.8,46.080376,6.855335,2554875.0,1103375.0,1600,SW,42-55
t3_1600_SW_42-55_32,3,802,432,1583.9,229.8,42.7,46.045804,7.285243,2588125.0,1099375.0,1600,SW,42-55
t3_1600_W_42-55_33,3,756,307,1620.6,278.4,47.3,46.147972,6.880496,2556875.0,1110875.0,1600,W,42-55
t3_1600_NW_42-55_34,3,776,301,1603.5,303.5,44.3,46.102898,6.861559,2555375.0,1105875.0,1600,NW,42-55
t3_1600_NW_42-55_35,3,738,685,1696.2,333.8,50.4,46.187882,8.104063,2651375.0,1115375.0,1600,NW,42-55
t3_2000_N_20-30_36,3,812,369,1982.7,348.2,26.0,46.022852,7.081929,2572375.0,1096875.0,2000,N,20-30
t3_2000_NE_20-30_37,3,807,425,1915.2,24.8,23.8,46.034526,7.262673,2586375.0,1098125.0,2000,NE,20-30
t3_2000_E_20-30_38,3,706,559,1992.3,70.1,25.7,46.261511,7.696414,2619875.0,1123375.0,2000,E,20-30
t3_2000_E_20-30_39,3,888,413,2050.7,87.7,24.0,45.852303,7.224643,2583375.0,1077875.0,2000,E,20-30
t3_2000_SE_20-30_40,3,768,339,1994.1,129.8,22.1,46.121452,6.98426,2564875.0,1107875.0,2000,SE,20-30
t3_2000_S_20-30_41,3,773,409,1850.6,159.9,22.5,46.110894,7.21069,2582375.0,1106625.0,2000,S,20-30
t3_2000_S_20-30_42,3,898,390,2115.4,180.4,25.7,45.829649,7.150744,2577625.0,1075375.0,2000,S,20-30
t3_2000_SW_20-30_43,3,830,645,2010.8,203.1,25.0,45.981678,7.972521,2641375.0,1092375.0,2000,SW,20-30
t3_2000_SW_20-30_44,3,750,489,2004.1,236.3,25.2,46.162847,7.469393,2602375.0,1112375.0,2000,SW,20-30
t3_2000_W_20-30_45,3,710,641,2007.3,265.6,25.3,46.251599,7.962198,2640375.0,1122375.0,2000,W,20-30
t3_2000_W_20-30_46,3,771,279,1984.9,292.0,25.1,46.113755,6.790303,2549875.0,1107125.0,2000,W,20-30
t3_2000_NW_20-30_47,3,836,326,2006.4,333.6,21.9,45.968354,6.943609,2561625.0,1090875.0,2000,NW,20-30
t3_2000_N_30-42_48,3,904,390,1922.3,4.9,36.0,45.816156,7.150815,2577625.0,1073875.0,2000,N,30-42
t3_2000_N_30-42_49,3,791,506,1958.3,20.5,36.6,46.070615,7.52427,2606625.0,1102125.0,2000,N,30-42
t3_2000_NE_30-42_50,3,752,626,1973.4,54.9,34.9,46.157361,7.91275,2636625.0,1111875.0,2000,NE,30-42
t3_2000_E_30-42_51,3,751,459,2091.9,96.9,34.8,46.160582,7.3723,2594875.0,1112125.0,2000,E,30-42
t3_2000_E_30-42_52,3,747,670,1932.5,112.0,40.4,46.167918,8.055265,2647625.0,1113125.0,2000,E,30-42
t3_2000_SE_30-42_53,3,881,462,1986.9,149.6,33.4,45.868236,7.382317,2595625.0,1079625.0,2000,SE,30-42
t3_2000_S_30-42_54,3,771,334,2022.3,182.1,36.0,46.114639,6.968148,2563625.0,1107125.0,2000,S,30-42
t3_2000_SW_30-42_55,3,811,447,1991.1,215.5,36.0,46.02562,7.333726,2591875.0,1097125.0,2000,SW,30-42
t3_2000_SW_30-42_56,3,890,418,1979.1,242.9,32.3,45.847835,7.24075,2584625.0,1077375.0,2000,SW,30-42
t3_2000_W_30-42_57,3,716,565,1930.8,273.1,34.4,46.238976,7.715754,2621375.0,1120875.0,2000,W,30-42
t3_2000_NW_30-42_58,3,800,586,2053.1,302.9,35.2,46.049885,7.782624,2626625.0,1099875.0,2000,NW,30-42
t3_2000_NW_30-42_59,3,819,307,1971.0,325.4,37.4,46.006297,6.881946,2556875.0,1095125.0,2000,NW,30-42
t3_2000_N_42-55_60,3,693,648,2007.8,353.9,47.6,46.289722,7.985274,2642125.0,1126625.0,2000,N,42-55
t3_2000_NE_42-55_61,3,761,339,1932.6,36.7,46.7,46.137194,6.984128,2564875.0,1109625.0,2000,NE,42-55
t3_2000_E_42-55_62,3,772,537,2043.7,71.0,46.7,46.113224,7.624577,2614375.0,1106875.0,2000,E,42-55
t3_2000_E_42-55_63,3,787,638,2024.4,88.1,42.7,46.078482,7.950845,2639625.0,1103125.0,2000,E,42-55
t3_2000_SE_42-55_64,3,803,672,1977.9,112.7,47.2,46.041949,8.060304,2648125.0,1099125.0,2000,SE,42-55
t3_2000_SE_42-55_65,3,789,679,2043.1,139.1,49.0,46.073305,8.08328,2649875.0,1102625.0,2000,SE,42-55
t3_2000_S_42-55_66,3,780,692,2049.6,191.9,45.9,46.093297,8.125538,2653125.0,1104875.0,2000,S,42-55
t3_2000_S_42-55_67,3,769,302,1941.4,198.1,49.9,46.118656,6.864626,2555625.0,1107625.0,2000,S,42-55
t3_2000_SW_42-55_68,3,806,441,1961.5,238.9,46.1,46.036844,7.31433,2590375.0,1098375.0,2000,SW,42-55
t3_2000_W_42-55_69,3,762,593,2039.2,269.4,45.9,46.13527,7.805806,2628375.0,1109375.0,2000,W,42-55
t3_2000_NW_42-55_70,3,775,304,1929.8,308.6,50.2,46.105196,6.871235,2556125.0,1106125.0,2000,NW,42-55
t3_2000_N_42-55_71,3,777,275,1992.9,337.6,46.4,46.100187,6.777533,2548875.0,1105625.0,2000,N,42-55
t3_2400_N_20-30_72,3,818,673,2428.1,348.7,25.7,46.008199,8.063148,2648375.0,1095375.0,2400,N,20-30
t3_2400_NE_20-30_73,3,777,444,2345.8,32.5,29.8,46.102072,7.323879,2591125.0,1105625.0,2400,NE,20-30
t3_2400_NE_20-30_74,3,781,463,2348.3,65.1,23.9,46.093123,7.385313,2595875.0,1104625.0,2400,NE,20-30
t3_2400_E_20-30_75,3,720,558,2412.2,101.4,21.1,46.230034,7.693025,2619625.0,1119875.0,2400,E,20-30
t3_2400_SE_20-30_76,3,865,398,2445.2,127.7,26.8,45.903923,7.176122,2579625.0,1083625.0,2400,SE,20-30
t3_2400_SE_20-30_77,3,752,325,2373.9,157.1,27.1,46.157241,6.938653,2561375.0,1111875.0,2400,SE,20-30
t3_2400_S_20-30_78,3,823,669,2384.7,173.7,21.4,45.997026,8.050113,2647375.0,1094125.0,2400,S,20-30
t3_2400_S_20-30_79,3,828,648,2363.7,202.0,21.8,45.98613,7.982242,2642125.0,1092875.0,2400,S,20-30
t3_2400_SW_20-30_80,3,770,506,2284.2,239.1,24.7,46.117842,7.524344,2606625.0,1107375.0,2400,SW,20-30
t3_2400_W_20-30_81,3,810,585,2389.4,269.6,24.6,46.027406,7.779255,2626375.0,1097375.0,2400,W,20-30
t3_2400_NW_20-30_82,3,792,305,2531.8,296.4,22.2,46.066982,6.874864,2556375.0,1101875.0,2400,NW,20-30
t3_2400_NW_20-30_83,3,839,328,2426.1,324.6,25.3,45.961636,6.950119,2562125.0,1090125.0,2400,NW,20-30
t3_2400_N_30-42_84,3,815,348,2419.3,1.9,33.1,46.01587,7.01419,2567125.0,1096125.0,2400,N,30-42
t3_2400_NE_30-42_85,3,801,597,2390.0,35.5,31.2,46.047522,7.818136,2629375.0,1099625.0,2400,NE,30-42
t3_2400_NE_30-42_86,3,719,637,2361.5,62.5,32.0,46.231418,7.949042,2639375.0,1120125.0,2400,NE,30-42
t3_2400_E_30-42_87,3,787,537,2490.4,84.7,37.1,46.079491,7.624463,2614375.0,1103125.0,2400,E,30-42
t3_2400_SE_30-42_88,3,860,498,2435.8,122.3,34.5,45.915461,7.498255,2604625.0,1084875.0,2400,SE,30-42
t3_2400_SE_30-42_89,3,734,585,2400.6,143.4,33.9,46.198319,7.780321,2626375.0,1116375.0,2400,SE,30-42
t3_2400_S_30-42_90,3,775,648,2406.6,191.5,34.5,46.105317,7.983428,2642125.0,1106125.0,2400,S,30-42
t3_2400_SW_30-42_91,3,849,418,2419.1,212.9,35.8,45.940037,7.240415,2584625.0,1087625.0,2400,SW,30-42
t3_2400_SW_30-42_92,3,792,652,2407.2,244.6,38.8,46.067024,7.99597,2643125.0,1101875.0,2400,SW,30-42
t3_2400_W_30-42_93,3,833,456,2382.2,268.3,36.7,45.976169,7.362851,2594125.0,1091625.0,2400,W,30-42
t3_2400_NW_30-42_94,3,849,382,2417.0,305.6,40.2,45.939771,7.124376,2575625.0,1087625.0,2400,NW,30-42
t3_2400_NW_30-42_95,3,859,511,2425.5,321.4,36.0,45.91768,7.540144,2607875.0,1085125.0,2400,NW,30-42
t3_2400_N_42-55_96,3,764,309,2387.1,352.5,45.2,46.130014,6.887149,2557375.0,1108875.0,2400,N,42-55
t3_2400_NE_42-55_97,3,765,324,2366.4,39.7,47.3,46.127992,6.935687,2561125.0,1108625.0,2400,NE,42-55
t3_2400_NE_42-55_98,3,760,321,2446.6,64.7,46.7,46.139192,6.925878,2560375.0,1109875.0,2400,NE,42-55
t3_2400_E_42-55_99,3,784,637,2324.0,89.9,48.7,46.085243,7.947677,2639375.0,1103875.0,2400,E,42-55
t3_2400_SE_42-55_100,3,777,622,2332.6,120.2,48.0,46.101193,7.899331,2635625.0,1105625.0,2400,SE,42-55
t3_2400_SE_42-55_101,3,785,576,2377.4,140.8,44.2,46.083711,7.750519,2624125.0,1103625.0,2400,SE,42-55
t3_2400_S_42-55_102,3,816,561,2387.9,188.3,46.5,46.01412,7.701707,2620375.0,1095875.0,2400,S,42-55
t3_2400_SW_42-55_103,3,854,505,2376.9,218.3,45.4,45.92894,7.520828,2606375.0,1086375.0,2400,SW,42-55
t3_2400_SW_42-55_104,3,781,645,2410.7,235.8,43.0,46.09187,7.973597,2641375.0,1104625.0,2400,SW,42-55
t3_2400_W_42-55_105,3,818,453,2485.2,276.7,43.0,46.009894,7.353121,2593375.0,1095375.0,2400,W,42-55
t3_2400_NW_42-55_106,3,753,311,2299.7,297.2,48.7,46.154782,6.89337,2557875.0,1111625.0,2400,NW,42-55
t3_2400_NW_42-55_107,3,871,493,2371.7,332.4,43.2,45.890731,7.482126,2603375.0,1082125.0,2400,NW,42-55
t3_2800_N_20-30_108,3,822,595,2748.7,356.5,26.2,46.000318,7.811355,2628875.0,1094375.0,2800,N,20-30
t3_2800_NE_20-30_109,3,845,336,2800.6,32.1,25.0,45.948253,6.97603,2564125.0,1088625.0,2800,NE,20-30
t3_2800_NE_20-30_110,3,777,518,2749.9,58.1,21.5,46.102064,7.563114,2609625.0,1105625.0,2800,NE,20-30
t3_2800_E_20-30_111,3,809,465,2669.6,83.6,21.1,46.030157,7.391833,2596375.0,1097625.0,2800,E,20-30
t3_2800_SE_20-30_112,3,748,661,2812.4,119.0,24.1,46.165824,8.026111,2645375.0,1112875.0,2800,SE,20-30
t3_2800_SE_20-30_113,3,871,593,2672.8,142.5,28.5,45.890147,7.804166,2628375.0,1082125.0,2800,SE,20-30
t3_2800_S_20-30_114,3,814,596,2824.6,182.4,25.0,46.018298,7.814706,2629125.0,1096375.0,2800,S,20-30
t3_2800_SW_20-30_115,3,862,633,2805.6,217.3,26.9,45.909893,7.933162,2638375.0,1084375.0,2800,SW,20-30
t3_2800_W_20-30_116,3,794,656,2789.8,248.5,23.4,46.062462,8.008847,2644125.0,1101375.0,2800,W,20-30
t3_2800_W_20-30_117,3,770,524,2765.9,275.8,24.9,46.117783,7.582553,2611125.0,1107375.0,2800,W,20-30
t3_2800_W_20-30_118,3,768,644,2806.8,291.2,20.6,46.12112,7.97065,2641125.0,1107875.0,2800,W,20-30
t3_2800_N_20-30_119,3,853,473,2765.8,340.5,28.8,45.931216,7.417702,2598375.0,1086625.0,2800,N,20-30
t3_2800_N_30-42_120,3,780,650,2714.0,6.5,37.9,46.094041,7.989781,2642625.0,1104875.0,2800,N,30-42
t3_2800_NE_30-42_121,3,821,483,2893.9,40.4,37.4,46.00318,7.449943,2600875.0,1094625.0,2800,NE,30-42
t3_2800_NE_30-42_122,3,826,432,2797.8,58.0,34.3,45.991831,7.285396,2588125.0,1093375.0,2800,NE,30-42
t3_2800_E_30-42_123,3,760,620,2903.9,88.9,31.6,46.13945,7.893184,2635125.0,1109875.0,2800,E,30-42
t3_2800_SE_30-42_124,3,870,427,2772.3,118.8,34.6,45.892859,7.269572,2586875.0,1082375.0,2800,SE,30-42
t3_2800_SE_30-42_125,3,847,474,2786.6,147.7,35.6,45.944709,7.42092,2598625.0,1088125.0,2800,SE,30-42
t3_2800_S_30-42_126,3,830,587,2871.9,170.6,36.4,45.982409,7.785427,2626875.0,1092375.0,2800,S,30-42
t3_2800_SW_30-42_127,3,807,650,2815.6,208.4,32.6,46.033323,7.989169,2642625.0,1098125.0,2800,SW,30-42
t3_2800_W_30-42_128,3,870,340,2786.8,250.3,37.7,45.892085,6.989388,2565125.0,1082375.0,2800,W,30-42
t3_2800_W_30-42_129,3,827,458,2697.6,266.6,36.3,45.989666,7.369285,2594625.0,1093125.0,2800,W,30-42
t3_2800_W_30-42_130,3,860,466,2787.4,291.6,40.1,45.915467,7.395155,2596625.0,1084875.0,2800,W,30-42
t3_2800_NW_30-42_131,3,849,632,2766.7,330.0,35.2,45.939142,7.930203,2638125.0,1087625.0,2800,NW,30-42
t3_2800_N_42-55_132,3,826,545,2903.3,356.4,45.4,45.99174,7.649977,2616375.0,1093375.0,2800,N,42-55
t3_2800_NE_42-55_133,3,854,498,2779.9,35.5,44.3,45.928954,7.49827,2604625.0,1086375.0,2800,NE,42-55
t3_2800_NE_42-55_134,3,871,556,2831.0,56.3,44.4,45.89047,7.685012,2619125.0,1082125.0,2800,NE,42-55
t3_2800_E_42-55_135,3,856,527,2803.6,99.0,49.6,45.924368,7.591714,2611875.0,1085875.0,2800,E,42-55
t3_2800_SE_42-55_136,3,849,529,2822.1,125.2,43.5,45.940101,7.598205,2612375.0,1087625.0,2800,SE,42-55
t3_2800_SE_42-55_137,3,824,641,2787.3,149.7,47.1,45.995232,7.959746,2640375.0,1093875.0,2800,SE,42-55
t3_2800_S_42-55_138,3,834,621,2756.6,174.0,48.3,45.973023,7.895028,2635375.0,1091375.0,2800,S,42-55
t3_2800_SW_42-55_139,3,849,510,2826.3,203.5,44.4,45.940171,7.536962,2607625.0,1087625.0,2800,SW,42-55
t3_2800_W_42-55_140,3,863,513,2826.7,248.6,43.6,45.908678,7.54657,2608375.0,1084125.0,2800,W,42-55
t3_2800_W_42-55_141,3,815,455,2773.8,278.6,47.7,46.016646,7.359566,2593875.0,1096125.0,2800,W,42-55
t3_2800_NW_42-55_142,3,850,328,2795.9,301.7,42.6,45.936899,6.950341,2562125.0,1087375.0,2800,NW,42-55
t3_2800_NW_42-55_143,3,747,321,2836.5,322.4,45.1,46.168427,6.925603,2560375.0,1113125.0,2800,NW,42-55
t4_1600_N_20-30_0,4,415,784,1557.9,3.8,25.0,46.911871,8.437918,2676125.0,1196125.0,1600,N,20-30
t4_1600_NE_20-30_1,4,388,953,1633.5,32.3,21.8,46.966394,8.994166,2718375.0,1202875.0,1600,NE,20-30
t4_1600_NE_20-30_2,4,664,704,1624.0,55.2,25.7,46.353915,8.167808,2656125.0,1133875.0,1600,NE,20-30
t4_1600_E_20-30_3,4,427,816,1557.6,86.4,26.8,46.883923,8.542366,2684125.0,1193125.0,1600,E,20-30
t4_1600_SE_20-30_4,4,445,647,1581.7,131.4,23.4,46.847448,7.987654,2641875.0,1188625.0,1600,SE,20-30
t4_1600_SE_20-30_5,4,726,705,1586.7,149.8,28.6,46.214468,8.169182,2656375.0,1118375.0,1600,SE,20-30
t4_1600_S_20-30_6,4,392,709,1557.0,177.5,29.4,46.965474,8.192531,2657375.0,1201875.0,1600,S,20-30
t4_1600_SW_20-30_7,4,452,665,1621.6,217.1,24.7,46.831408,8.046473,2646375.0,1186875.0,1600,SW,20-30
t4_1600_SW_20-30_8,4,421,870,1593.1,234.4,27.4,46.895569,8.71978,2697625.0,1194625.0,1600,SW,20-30
t4_1600_W_20-30_9,4,458,722,1611.8,269.9,21.1,46.816771,8.233038,2660625.0,1185375.0,1600,W,20-30
t4_1600_NW_20-30_10,4,346,934,1691.1,295.2,20.7,47.061655,8.934393,2713625.0,1213375.0,1600,NW,20-30
t4_1600_NW_20-30_11,4,420,933,1573.6,328.5,25.1,46.895318,8.926485,2713375.0,1194875.0,1600,NW,20-30
t4_1600_N_30-42_12,4,495,765,1595.6,2.8,35.1,46.732504,8.372447,2671375.0,1176125.0,1600,N,30-42
t4_1600_NE_30-42_13,4,503,826,1593.0,38.8,39.6,46.712708,8.571563,2686625.0,1174125.0,1600,NE,30-42
t4_1600_NE_30-42_14,4,490,831,1589.7,65.3,36.4,46.741777,8.588531,2687875.0,1177375.0,1600,NE,30-42
t4_1600_E_30-42_15,4,514,829,1537.5,88.1,34.0,46.687875,8.580847,2687375.0,1171375.0,1600,E,30-42
t4_1600_SE_30-42_16,4,451,731,1692.3,126.6,37.9,46.832303,8.26276,2662875.0,1187125.0,1600,SE,30-42
t4_1600_S_30-42_17,4,469,885,1628.4,160.0,39.6,46.787079,8.766318,2701375.0,1182625.0,1600,S,30-42
t4_1600_S_30-42_18,4,431,896,1514.3,189.6,34.5,46.872098,8.804492,2704125.0,1192125.0,1600,S,30-42
t4_1600_S_30-42_19,4,497,826,1592.6,200.5,37.0,46.7262,8.571846,2686625.0,1175625.0,1600,S,30-42
t4_1600_SW_30-42_20,4,516,731,1603.7,242.2,37.6,46.686136,8.26053,2662875.0,1170875.0,1600,SW,30-42
t4_1600_W_30-42_21,4,468,863,1601.8,264.6,32.5,46.790142,8.694351,2695875.0,1182875.0,1600,W,30-42
t4_1600_NW_30-42_22,4,505,841,1546.4,292.6,40.2,46.707713,8.620501,2690375.0,1173625.0,1600,NW,30-42
t4_1600_NW_30-42_23,4,477,885,1656.7,322.3,33.9,46.769091,8.765875,2701375.0,1180625.0,1600,NW,30-42
t4_1600_N_42-55_24,4,368,942,1669.1,358.9,49.0,47.011846,8.959311,2715625.0,1207875.0,1600,N,42-55
t4_1600_N_42-55_25,4,363,960,1597.0,20.3,52.2,47.022287,9.01881,2720125.0,1209125.0,1600,N,42-55
t4_1600_NE_42-55_26,4,375,933,1582.5,54.1,50.3,46.996495,8.92929,2713375.0,1206125.0,1600,NE,42-55
t4_1600_E_42-55_27,4,342,964,1549.1,98.0,48.6,47.069319,9.033365,2721125.0,1214375.0,1600,E,42-55
t4_1600_SE_42-55_28,4,440,941,1562.7,116.5,45.5,46.850006,8.95146,2715375.0,1189875.0,1600,SE,42-55
t4_1600_SE_42-55_29,4,455,831,1606.0,156.1,44.4,46.820478,8.590211,2687875.0,1186125.0,1600,SE,42-55
t4_1600_S_42-55_30,4,375,898,1629.1,178.0,43.0,46.997933,8.814269,2704625.0,1206125.0,1600,S,42-55
t4_1600_SW_42-55_31,4,457,862,1695.5,210.9,48.4,46.814913,8.691652,2695625.0,1185625.0,1600,SW,42-55
t4_1600_SW_42-55_32,4,447,852,1574.7,242.1,48.6,46.837753,8.659408,2693125.0,1188125.0,1600,SW,42-55
t4_1600_W_42-55_33,4,538,746,1583.2,271.5,42.1,46.636299,8.308748,2666625.0,1165375.0,1600,W,42-55
t4_1600_NW_42-55_34,4,499,587,1557.9,308.6,48.3,46.726785,7.790202,2626875.0,1175125.0,1600,NW,42-55
t4_1600_NW_42-55_35,4,364,950,1508.4,336.7,48.4,47.020487,8.985868,2717625.0,1208875.0,1600,NW,42-55
t4_2000_N_20-30_36,4,498,771,2012.6,354.5,29.0,46.725595,8.391951,2672875.0,1175375.0,2000,N,20-30
t4_2000_NE_20-30_37,4,561,795,2028.1,30.3,27.2,46.583245,8.46773,2678875.0,1159625.0,2000,NE,20-30
t4_2000_E_20-30_38,4,494,866,2046.1,70.3,26.7,46.731571,8.7028,2696625.0,1176375.0,2000,E,20-30
t4_2000_E_20-30_39,4,562,821,2064.7,96.2,25.0,46.580198,8.552479,2685375.0,1159375.0,2000,E,20-30
t4_2000_SE_20-30_40,4,671,694,2038.4,123.9,25.3,46.338377,8.135128,2653625.0,1132125.0,2000,SE,20-30
t4_2000_S_20-30_41,4,547,809,2019.3,158.4,29.4,46.614305,8.514015,2682375.0,1163125.0,2000,S,20-30
t4_2000_S_20-30_42,4,651,726,2135.3,175.5,22.4,46.382667,8.239689,2661625.0,1137125.0,2000,S,20-30
t4_2000_SW_20-30_43,4,728,670,2067.5,220.5,23.4,46.210646,8.055749,2647625.0,1117875.0,2000,SW,20-30
t4_2000_W_20-30_44,4,520,743,1967.2,251.9,25.2,46.676851,8.299599,2665875.0,1169875.0,2000,W,20-30
t4_2000_W_20-30_45,4,456,747,2021.4,261.1,24.3,46.82067,8.315002,2666875.0,1185875.0,2000,W,20-30
t4_2000_NW_20-30_46,4,631,717,1880.0,304.8,25.4,46.427846,8.211083,2659375.0,1142125.0,2000,NW,20-30
t4_2000_N_20-30_47,4,425,933,2028.5,339.4,21.5,46.884076,8.926174,2713375.0,1193625.0,2000,N,20-30
t4_2000_N_30-42_48,4,507,743,1883.7,355.4,30.2,46.706085,8.300065,2665875.0,1173125.0,2000,N,30-42
t4_2000_NE_30-42_49,4,546,846,1971.6,41.4,39.7,46.615349,8.634802,2691625.0,1163375.0,2000,NE,30-42
t4_2000_NE_30-42_50,4,626,734,2011.9,61.0,37.1,46.4387,8.266542,2663625.0,1143375.0,2000,NE,30-42
t4_2000_E_30-42_51,4,714,701,1922.2,93.0,33.5,46.241537,8.156579,2655375.0,1121375.0,2000,E,30-42
t4_2000_SE_30-42_52,4,536,824,2013.1,119.8,30.7,46.638567,8.563478,2686125.0,1165875.0,2000,SE,30-42
t4_2000_SE_30-42_53,4,383,949,1989.5,145.4,34.8,46.977813,8.981352,2717375.0,1204125.0,2000,SE,30-42
t4_2000_S_30-42_54,4,653,713,2013.0,181.1,32.2,46.37846,8.197383,2658375.0,1136625.0,2000,S,30-42
t4_2000_SW_30-42_55,4,527,792,2078.1,215.0,37.4,46.659789,8.459388,2678125.0,1168125.0,2000,SW,30-42
t4_2000_SW_30-42_56,4,544,850,2040.3,243.9,37.4,46.619709,8.647956,2692625.0,1163875.0,2000,SW,30-42
t4_2000_W_30-42_57,4,502,853,2066.2,274.6,37.3,46.714046,8.65988,2693375.0,1174375.0,2000,W,30-42
t4_2000_NW_30-42_58,4,488,748,1950.2,299.9,34.5,46.748686,8.317105,2667125.0,1177875.0,2000,NW,30-42
t4_2000_NW_30-42_59,4,482,880,2031.1,335.4,37.2,46.758038,8.749239,2700125.0,1179375.0,2000,NW,30-42
t4_2000_N_42-55_60,4,468,784,1893.4,348.3,49.8,46.792693,8.435708,2676125.0,1182875.0,2000,N,42-55
t4_2000_NE_42-55_61,4,459,755,1924.0,34.8,48.8,46.81372,8.341096,2668875.0,1185125.0,2000,NE,42-55
t4_2000_E_42-55_62,4,443,958,2011.5,71.4,46.7,46.84251,9.006976,2719625.0,1189125.0,2000,E,42-55
t4_2000_E_42-55_63,4,443,821,2060.5,90.5,47.6,46.847786,8.558015,2685375.0,1189125.0,2000,E,42-55
t4_2000_SE_42-55_64,4,733,682,1979.0,113.6,45.6,46.199183,8.094484,2650625.0,1116625.0,2000,SE,42-55
t4_2000_SE_42-55_65,4,413,930,2015.7,139.4,49.4,46.911184,8.917078,2712625.0,1196625.0,2000,SE,42-55
t4_2000_S_42-55_66,4,486,761,1994.2,176.2,49.3,46.752848,8.359711,2670375.0,1178375.0,2000,S,42-55
t4_2000_SW_42-55_67,4,521,813,2003.7,209.2,46.1,46.672646,8.528246,2683375.0,1169625.0,2000,SW,42-55
t4_2000_SW_42-55_68,4,600,760,1951.1,231.4,44.2,46.496519,8.352098,2670125.0,1149875.0,2000,SW,42-55
t4_2000_W_42-55_69,4,513,763,2008.8,266.3,45.1,46.69208,8.365211,2670875.0,1171625.0,2000,W,42-55
t4_2000_W_42-55_70,4,439,947,1969.3,292.3,47.9,46.851992,8.971188,2716875.0,1190125.0,2000,W,42-55
t4_2000_NW_42-55_71,4,456,884,1992.7,330.8,53.2,46.816348,8.763763,2701125.0,1185875.0,2000,NW,42-55
t4_2400_N_20-30_72,4,547,837,2386.7,350.0,25.4,46.613405,8.605384,2689375.0,1163125.0,2400,N,20-30
t4_2400_NE_20-30_73,4,517,800,2362.3,40.8,25.1,46.682039,8.485952,2680125.0,1170625.0,2400,NE,20-30
t4_2400_NE_20-30_74,4,515,849,2395.8,56.1,24.7,46.684953,8.646149,2692375.0,1171125.0,2400,NE,20-30
t4_2400_E_20-30_75,4,537,788,2394.6,89.7,28.4,46.637419,8.445904,2677125.0,1165625.0,2400,E,20-30
t4_2400_E_20-30_76,4,561,782,2366.0,108.2,22.7,46.583621,8.425331,2675625.0,1159625.0,2400,E,20-30
t4_2400_SE_20-30_77,4,546,806,2237.3,152.1,26.0,46.616646,8.504269,2681625.0,1163375.0,2400,SE,20-30
t4_2400_S_20-30_78,4,680,677,2346.1,183.5,24.1,46.318464,8.079693,2649375.0,1129875.0,2400,S,20-30
t4_2400_SW_20-30_79,4,507,762,2333.4,220.5,24.9,46.705599,8.362174,2670625.0,1173125.0,2400,SW,20-30
t4_2400_SW_20-30_80,4,517,744,2287.5,237.0,28.6,46.683573,8.302974,2666125.0,1170625.0,2400,SW,20-30
t4_2400_W_20-30_81,4,560,757,2371.0,258.5,22.9,46.586547,8.343831,2669375.0,1159875.0,2400,W,20-30
t4_2400_NW_20-30_82,4,590,788,2384.4,309.8,27.7,46.518237,8.443688,2677125.0,1152375.0,2400,NW,20-30
t4_2400_NW_20-30_83,4,567,783,2423.6,336.7,24.0,46.5701,8.428346,2675875.0,1158125.0,2400,NW,20-30
t4_2400_N_30-42_84,4,536,808,2415.4,351.6,37.1,46.639071,8.511242,2682125.0,1165875.0,2400,N,30-42
t4_2400_NE_30-42_85,4,527,785,2432.4,33.1,31.5,46.659992,8.436526,2676375.0,1168125.0,2400,NE,30-42
t4_2400_NE_30-42_86,4,672,759,2423.6,57.2,34.6,46.334635,8.346131,2669875.0,1131875.0,2400,NE,30-42
t4_2400_E_30-42_87,4,446,957,2273.8,88.1,37.2,46.83581,9.003503,2719375.0,1188375.0,2400,E,30-42
t4_2400_SE_30-42_88,4,442,928,2426.5,114.6,30.9,46.846065,8.908733,2712125.0,1189375.0,2400,SE,30-42
t4_2400_SE_30-42_89,4,649,719,2406.0,155.5,36.1,46.387323,8.217007,2659875.0,1137625.0,2400,SE,30-42
t4_2400_S_30-42_90,4,461,887,2392.2,190.7,32.8,46.804991,8.77331,2701875.0,1184625.0,2400,S,30-42
t4_2400_SW_30-42_91,4,521,786,2435.3,212.3,32.0,46.673455,8.440042,2676625.0,1169625.0,2400,SW,30-42
t4_2400_W_30-42_92,4,541,851,2430.0,251.7,30.7,46.62642,8.651371,2692875.0,1164625.0,2400,W,30-42
t4_2400_W_30-42_93,4,631,741,2447.8,262.0,36.6,46.427288,8.289135,2665375.0,1142125.0,2400,W,30-42
t4_2400_W_30-42_94,4,680,705,2429.1,291.6,38.3,46.317913,8.170571,2656375.0,1129875.0,2400,W,30-42
t4_2400_NW_30-42_95,4,646,718,2431.6,320.8,37.3,46.394092,8.213854,2659625.0,1138375.0,2400,NW,30-42
t4_2400_N_42-55_96,4,469,825,2501.9,3.9,44.8,46.789194,8.569896,2686375.0,1182625.0,2400,N,42-55
t4_2400_NE_42-55_97,4,457,877,2394.7,27.7,47.5,46.814363,8.740781,2699375.0,1185625.0,2400,NE,42-55
t4_2400_E_42-55_98,4,726,680,2449.6,72.0,49.8,46.214962,8.088195,2650125.0,1118375.0,2400,E,42-55
t4_2400_E_42-55_99,4,440,820,2413.2,83.8,48.0,46.854564,8.554877,2685125.0,1189875.0,2400,E,42-55
t4_2400_SE_42-55_100,4,460,816,2424.5,115.2,53.6,46.809719,8.540845,2684125.0,1184875.0,2400,SE,42-55
t4_2400_SE_42-55_101,4,482,770,2250.2,151.0,51.2,46.761602,8.389315,2672625.0,1179375.0,2400,SE,42-55
t4_2400_S_42-55_102,4,373,957,2392.2,163.5,49.1,46.99994,9.008289,2719375.0,1206625.0,2400,S,42-55
t4_2400_SW_42-55_103,4,625,772,2397.3,216.6,44.1,46.43998,8.390185,2673125.0,1143625.0,2400,SW,42-55
t4_2400_SW_42-55_104,4,464,808,2308.1,239.6,46.6,46.800974,8.514465,2682125.0,1183875.0,2400,SW,42-55
t4_2400_W_42-55_105,4,479,899,2555.2,271.6,48.0,46.764052,8.811574,2704875.0,1180125.0,2400,W,42-55
t4_2400_NW_42-55_106,4,587,781,2396.0,300.5,46.4,46.525182,8.421008,2675375.0,1153125.0,2400,NW,42-55
t4_2400_NW_42-55_107,4,462,869,2447.0,319.6,48.8,46.803416,8.714313,2697375.0,1184375.0,2400,NW,42-55
t4_2800_N_20-30_108,4,507,780,2631.9,7.4,26.5,46.705107,8.421013,2675125.0,1173125.0,2800,N,20-30
t4_2800_NE_20-30_109,4,525,756,2827.0,25.7,26.7,46.665279,8.341884,2669125.0,1168625.0,2800,NE,20-30
t4_2800_NE_20-30_110,4,523,778,2793.7,49.4,24.8,46.669184,8.413825,2674625.0,1169125.0,2800,NE,20-30
t4_2800_E_20-30_111,4,535,785,2775.3,86.5,24.6,46.642002,8.436193,2676375.0,1166125.0,2800,E,20-30
t4_2800_E_20-30_112,4,557,764,2818.8,111.0,27.0,46.59311,8.366779,2671125.0,1160625.0,2800,E,20-30
t4_2800_SE_20-30_113,4,634,751,2872.6,142.3,24.8,46.420293,8.321546,2667875.0,1141375.0,2800,SE,20-30
t4_2800_S_20-30_114,4,517,787,2846.9,181.4,21.9,46.682421,8.443476,2676875.0,1170625.0,2800,S,20-30
t4_2800_SW_20-30_115,4,520,792,2830.1,203.0,24.1,46.67553,8.459685,2678125.0,1169875.0,2800,SW,20-30
t4_2800_SW_20-30_116,4,505,799,2805.0,234.7,26.6,46.709053,8.483206,2679875.0,1173625.0,2800,SW,20-30
t4_2800_W_20-30_117,4,554,760,2818.8,267.5,27.9,46.599962,8.353845,2670125.0,1161375.0,2800,W,20-30
t4_2800_NW_20-30_118,4,714,673,2756.9,304.0,22.7,46.242076,8.065829,2648375.0,1121375.0,2800,NW,20-30
t4_2800_N_20-30_119,4,473,783,2790.8,339.0,23.3,46.781478,8.432226,2675875.0,1181625.0,2800,N,20-30
t4_2800_N_30-42_120,4,637,737,2807.4,0.9,32.0,46.413892,8.275918,2664375.0,1140625.0,2800,N,30-42
t4_2800_NE_30-42_121,4,683,711,2795.0,35.6,40.6,46.311039,8.189952,2657875.0,1129125.0,2800,NE,30-42
t4_2800_E_30-42_122,4,685,697,2791.1,67.9,35.4,46.306834,8.14446,2654375.0,1128625.0,2800,E,30-42
t4_2800_E_30-42_123,4,508,793,2741.3,81.1,31.3,46.702485,8.463464,2678375.0,1172875.0,2800,E,30-42
t4_2800_SE_30-42_124,4,627,757,2841.2,124.7,37.3,46.435881,8.341318,2669375.0,1143125.0,2800,SE,30-42
t4_2800_SE_30-42_125,4,717,671,2743.1,142.6,36.6,46.235365,8.05927,2647875.0,1120625.0,2800,SE,30-42
t4_2800_S_30-42_126,4,689,707,2799.0,185.5,36.8,46.297632,8.176788,2656875.0,1127625.0,2800,S,30-42
t4_2800_S_30-42_127,4,512,807,2798.2,200.4,36.0,46.69307,8.509046,2681875.0,1171875.0,2800,S,30-42
t4_2800_SW_30-42_128,4,521,750,2730.2,243.2,35.5,46.674428,8.322432,2667625.0,1169625.0,2800,SW,30-42
t4_2800_W_30-42_129,4,543,763,2881.6,262.3,32.6,46.624618,8.364055,2670875.0,1164125.0,2800,W,30-42
t4_2800_NW_30-42_130,4,514,770,2820.4,295.6,35.6,46.689643,8.388048,2672625.0,1171375.0,2800,NW,30-42
t4_2800_NW_30-42_131,4,440,922,2773.4,320.0,34.9,46.850813,8.889191,2710625.0,1189875.0,2800,NW,30-42
t4_2800_N_42-55_132,4,442,916,2902.8,2.1,45.5,46.846563,8.869408,2709125.0,1189375.0,2800,N,42-55
t4_2800_NE_42-55_133,4,452,933,2837.7,32.9,46.0,46.823368,8.924497,2713375.0,1186875.0,2800,NE,42-55
t4_2800_E_42-55_134,4,456,935,2809.7,73.1,51.2,46.814289,8.930799,2713875.0,1185875.0,2800,E,42-55
t4_2800_E_42-55_135,4,714,688,2879.0,86.1,49.3,46.241796,8.114445,2652125.0,1121375.0,2800,E,42-55
t4_2800_SE_42-55_136,4,462,813,2833.3,127.7,46.9,46.805316,8.530929,2683375.0,1184375.0,2800,SE,42-55
t4_2800_SE_42-55_137,4,477,784,2911.4,139.1,46.7,46.772455,8.435334,2676125.0,1180625.0,2800,SE,42-55
t4_2800_S_42-55_138,4,516,778,2891.1,180.4,46.4,46.684925,8.41411,2674625.0,1170875.0,2800,S,42-55
t4_2800_SW_42-55_139,4,454,904,2822.0,222.9,48.0,46.820067,8.829385,2706125.0,1186375.0,2800,SW,42-55
t4_2800_W_42-55_140,4,448,948,2664.8,254.7,46.1,46.831713,8.973888,2717125.0,1187875.0,2800,W,42-55
t4_2800_W_42-55_141,4,504,788,2825.7,280.3,44.4,46.711625,8.447289,2677125.0,1173875.0,2800,W,42-55
t4_2800_NW_42-55_142,4,445,907,2827.9,309.1,53.2,46.840183,8.839738,2706875.0,1188625.0,2800,NW,42-55
t4_2800_NW_42-55_143,4,453,930,2706.8,318.8,45.0,46.821247,8.914608,2712625.0,1186625.0,2800,NW,42-55
t5_1600_N_20-30_0,5,589,834,1594.0,8.3,27.7,46.519062,8.593578,2688625.0,1152625.0,1600,N,20-30
t5_1600_N_20-30_1,5,674,1035,1651.2,19.1,26.1,46.319415,9.241869,2738875.0,1131375.0,1600,N,20-30
t5_1600_NE_20-30_2,5,621,931,1663.1,48.9,28.1,46.443459,8.90758,2712875.0,1144625.0,1600,NE,20-30
t5_1600_E_20-30_3,5,634,998,1578.4,87.0,25.6,46.4112,9.12459,2729625.0,1141375.0,1600,E,20-30
t5_1600_SE_20-30_4,5,597,933,1605.5,115.5,24.2,46.497339,8.915555,2713375.0,1150625.0,1600,SE,20-30
t5_1600_SE_20-30_5,5,632,900,1543.9,140.6,27.4,46.419986,8.80612,2705125.0,1141875.0,1600,SE,20-30
t5_1600_S_20-30_6,5,595,894,1689.2,182.3,26.9,46.503416,8.788682,2703625.0,1151125.0,1600,S,20-30
t5_1600_SW_20-30_7,5,648,978,1621.8,203.8,25.2,46.38067,9.058637,2724625.0,1137875.0,1600,SW,20-30
t5_1600_SW_20-30_8,5,634,929,1594.4,230.0,25.2,46.414313,8.900286,2712375.0,1141375.0,1600,SW,20-30
t5_1600_W_20-30_9,5,731,1017,1583.1,275.9,27.8,46.192175,9.179353,2734375.0,1117125.0,1600,W,20-30
t5_1600_NW_20-30_10,5,681,1029,1690.1,303.9,26.2,46.303985,9.221882,2737375.0,1129625.0,1600,NW,20-30
t5_1600_NW_20-30_11,5,591,825,1613.2,328.9,23.0,46.514859,8.564167,2686375.0,1152125.0,1600,NW,20-30
t5_1600_N_30-42_12,5,716,1019,1619.4,3.7,33.3,46.2258,9.18691,2734875.0,1120875.0,1600,N,30-42
t5_1600_NE_30-42_13,5,629,1023,1620.3,27.3,34.5,46.421204,9.206219,2735875.0,1142625.0,1600,NE,30-42
t5_1600_NE_30-42_14,5,653,1065,1604.8,62.4,33.6,46.365036,9.340869,2746375.0,1136625.0,1600,NE,30-42
t5_1600_E_30-42_15,5,624,1061,1579.7,79.0,36.1,46.430453,9.330149,2745375.0,1143875.0,1600,E,30-42
t5_1600_E_30-42_16,5,672,832,1630.5,111.7,35.6,46.332489,8.583119,2688125.0,1131875.0,1600,E,30-42
t5_1600_SE_30-42_17,5,590,814,1606.1,151.5,31.3,46.517457,8.528382,2683625.0,1152375.0,1600,SE,30-42
t5_1600_S_30-42_18,5,581,836,1549.6,175.3,35.6,46.536985,8.600478,2689125.0,1154625.0,1600,S,30-42
t5_1600_SW_30-42_19,5,696,882,1641.8,213.5,31.9,46.276766,8.744131,2700625.0,1125875.0,1600,SW,30-42
t5_1600_SW_30-42_20,5,617,915,1597.6,234.9,37.1,46.453115,8.855771,2708875.0,1145625.0,1600,SW,30-42
t5_1600_W_30-42_21,5,587,947,1565.3,270.9,36.6,46.519222,8.96177,2716875.0,1153125.0,1600,W,30-42
t5_1600_NW_30-42_22,5,680,971,1486.5,297.6,38.2,46.309042,9.033781,2722875.0,1129875.0,1600,NW,30-42
t5_1600_NW_30-42_23,5,597,809,1603.9,321.1,34.4,46.501871,8.511783,2682375.0,1150625.0,1600,NW,30-42
t5_1600_N_42-55_24,5,699,796,1664.0,10.5,46.3,46.272894,8.465104,2679125.0,1125125.0,1600,N,42-55
t5_1600_NE_42-55_25,5,680,875,1592.0,29.9,44.7,46.313003,8.72228,2698875.0,1129875.0,1600,NE,42-55
t5_1600_NE_42-55_26,5,603,874,1686.3,56.5,42.0,46.486183,8.723126,2698625.0,1149125.0,1600,NE,42-55
t5_1600_E_42-55_27,5,633,809,1595.2,93.0,45.9,46.420918,8.510182,2682375.0,1141625.0,1600,E,42-55
t5_1600_SE_42-55_28,5,698,1044,1632.8,125.9,45.3,46.264987,9.269256,2741125.0,1125375.0,1600,SE,42-55
t5_1600_SE_42-55_29,5,670,772,1654.7,155.5,45.0,46.338787,8.388414,2673125.0,1132375.0,1600,SE,42-55
t5_1600_S_42-55_30,5,647,893,1499.7,180.2,43.2,46.386529,8.782524,2703375.0,1138125.0,1600,S,42-55
t5_1600_SW_42-55_31,5,695,908,1602.6,208.2,48.1,46.27801,8.828501,2707125.0,1126125.0,1600,SW,42-55
t5_1600_SW_42-55_32,5,628,837,1634.2,234.0,51.0,46.431265,8.601467,2689375.0,1142875.0,1600,SW,42-55
t5_1600_W_42-55_33,5,613,946,1503.4,264.5,44.5,46.460805,8.956873,2716625.0,1146625.0,1600,W,42-55
t5_1600_NW_42-55_34,5,703,1055,1555.1,301.0,44.6,46.253163,9.304529,2743875.0,1124125.0,1600,NW,42-55
t5_1600_NW_42-55_35,5,656,922,1567.0,328.8,43.3,46.365136,8.876219,2710625.0,1135875.0,1600,NW,42-55
t5_2000_N_20-30_36,5,629,1017,2001.6,354.2,26.1,46.421507,9.186713,2734375.0,1142625.0,2000,N,20-30
t5_2000_NE_20-30_37,5,588,911,1952.9,32.2,23.4,46.518485,8.844448,2707875.0,1152875.0,2000,NE,20-30
t5_2000_NE_20-30_38,5,586,954,2025.8,56.0,26.2,46.521163,8.984634,2718625.0,1153375.0,2000,NE,20-30
t5_2000_E_20-30_39,5,649,991,1993.2,88.3,23.9,46.37781,9.100803,2727875.0,1137625.0,2000,E,20-30
t5_2000_SE_20-30_40,5,602,794,1947.4,128.8,24.4,46.491078,8.462723,2678625.0,1149375.0,2000,SE,20-30
t5_2000_SE_20-30_41,5,575,842,2084.2,151.6,26.0,46.550275,8.620324,2690625.0,1156125.0,2000,SE,20-30
t5_2000_S_20-30_42,5,718,790,1894.9,177.2,25.3,46.230343,8.444857,2677625.0,1120375.0,2000,S,20-30
t5_2000_SW_20-30_43,5,643,976,1954.2,210.8,23.4,46.392005,9.052474,2724125.0,1139125.0,2000,SW,20-30
t5_2000_SW_20-30_44,5,622,923,2064.1,229.8,26.3,46.441545,8.881498,2710875.0,1144375.0,2000,SW,20-30
t5_2000_W_20-30_45,5,609,916,2047.5,262.4,23.3,46.471063,8.859495,2709125.0,1147625.0,2000,W,20-30
t5_2000_NW_20-30_46,5,572,855,2011.0,304.1,28.5,46.556573,8.662847,2693875.0,1156875.0,2000,NW,20-30
t5_2000_NW_20-30_47,5,608,796,1994.4,333.3,25.3,46.477527,8.468978,2679125.0,1147875.0,2000,NW,20-30
t5_2000_N_30-42_48,5,592,924,1997.4,355.5,34.6,46.508959,8.886552,2711125.0,1151875.0,2000,N,30-42
t5_2000_NE_30-42_49,5,638,971,1993.1,25.7,35.9,46.403477,9.036557,2722875.0,1140375.0,2000,NE,30-42
t5_2000_E_30-42_50,5,688,1031,2050.7,67.9,33.3,46.288145,9.227853,2737875.0,1127875.0,2000,E,30-42
t5_2000_E_30-42_51,5,660,779,2001.9,95.4,34.6,46.361081,8.411544,2674875.0,1134875.0,2000,E,30-42
t5_2000_SE_30-42_52,5,676,933,1996.6,127.8,34.2,46.319707,8.910728,2713375.0,1130875.0,2000,SE,30-42
t5_2000_SE_30-42_53,5,687,922,1954.2,153.1,32.6,46.295431,8.874376,2710625.0,1128125.0,2000,SE,30-42
t5_2000_S_30-42_54,5,667,968,1964.7,178.8,32.3,46.338409,9.024901,2722125.0,1133125.0,2000,S,30-42
t5_2000_SW_30-42_55,5,604,845,1975.1,211.2,35.6,46.484963,8.628668,2691375.0,1148875.0,2000,SW,30-42
t5_2000_SW_30-42_56,5,578,952,1953.9,242.0,39.8,46.539239,8.978631,2718125.0,1155375.0,2000,SW,30-42
t5_2000_W_30-42_57,5,625,838,1987.8,267.2,36.0,46.437977,8.604864,2689625.0,1143625.0,2000,W,30-42
t5_2000_NW_30-42_58,5,686,775,1986.6,292.9,33.0,46.302725,8.397519,2673875.0,1128375.0,2000,NW,30-42
t5_2000_N_30-42_59,5,602,957,1981.4,339.8,38.8,46.485054,8.993373,2719375.0,1149375.0,2000,N,30-42
t5_2000_N_42-55_60,5,623,887,1935.7,9.6,47.6,46.440725,8.764346,2701875.0,1144125.0,2000,N,42-55
t5_2000_NE_42-55_61,5,652,886,1997.8,25.9,45.6,46.375553,8.759505,2701625.0,1136875.0,2000,NE,42-55
t5_2000_NE_42-55_62,5,685,879,2053.5,53.5,44.2,46.301612,8.734992,2699875.0,1128625.0,2000,NE,42-55
t5_2000_E_42-55_63,5,636,807,2067.3,98.8,47.1,46.414233,8.503547,2681875.0,1140875.0,2000,E,42-55
t5_2000_SE_42-55_64,5,682,1007,1957.7,120.0,47.7,46.302839,9.15044,2731875.0,1129375.0,2000,SE,42-55
t5_2000_SE_42-55_65,5,676,1012,2021.1,146.5,42.0,46.316083,9.167089,2733125.0,1130875.0,2000,SE,42-55
t5_2000_S_42-55_66,5,594,954,1931.2,183.0,47.0,46.503175,8.984121,2718625.0,1151375.0,2000,S,42-55
t5_2000_SW_42-55_67,5,628,982,1964.0,207.4,46.3,46.425452,9.072986,2725625.0,1142875.0,2000,SW,42-55
t5_2000_SW_42-55_68,5,621,979,1946.9,245.5,42.7,46.441331,9.063703,2724875.0,1144625.0,2000,SW,42-55
t5_2000_W_42-55_69,5,647,826,2021.1,268.8,46.9,46.388901,8.564806,2686625.0,1138125.0,2000,W,42-55
t5_2000_NW_42-55_70,5,657,903,1922.0,298.4,43.9,46.363653,8.814448,2705875.0,1135625.0,2000,NW,42-55
t5_2000_NW_42-55_71,5,702,791,1993.5,327.5,44.0,46.266294,8.448764,2677875.0,1124375.0,2000,NW,42-55
t5_2400_N_20-30_72,5,617,823,2431.5,349.4,25.2,46.456457,8.556446,2685875.0,1145625.0,2400,N,20-30
t5_2400_NE_20-30_73,5,586,899,2426.2,38.4,23.3,46.523459,8.805474,2704875.0,1153375.0,2400,NE,20-30
t5_2400_NE_20-30_74,5,617,842,2360.8,56.4,20.1,46.455832,8.618266,2690625.0,1145625.0,2400,NE,20-30
t5_2400_E_20-30_75,5,611,960,2404.3,78.1,23.1,46.464684,9.002554,2720125.0,1147125.0,2400,E,20-30
t5_2400_SE_20-30_76,5,659,799,2391.9,122.0,23.1,46.362754,8.476548,2679875.0,1135125.0,2400,SE,20-30
t5_2400_SE_20-30_77,5,567,918,2389.8,145.4,23.5,46.56542,8.868496,2709625.0,1158125.0,2400,SE,20-30
t5_2400_S_20-30_78,5,687,788,2351.6,180.4,24.4,46.300111,8.439658,2677125.0,1128125.0,2400,S,20-30
t5_2400_SW_20-30_79,5,609,861,2423.3,217.6,26.5,46.473162,8.680496,2695375.0,1147625.0,2400,SW,20-30
t5_2400_SW_20-30_80,5,554,963,2473.9,244.3,22.2,46.59271,9.016046,2720875.0,1161375.0,2400,SW,20-30
t5_2400_W_20-30_81,5,665,793,2462.3,271.8,25.6,46.349438,8.456806,2678375.0,1133625.0,2400,W,20-30
t5_2400_NW_20-30_82,5,629,790,2362.8,303.1,27.5,46.430479,8.448568,2677625.0,1142625.0,2400,NW,20-30
t5_2400_NW_20-30_83,5,608,806,2406.0,328.9,25.4,46.477227,8.501529,2681625.0,1147875.0,2400,NW,20-30
t5_2400_N_30-42_84,5,613,784,2380.6,351.2,31.9,46.466631,8.429712,2676125.0,1146625.0,2400,N,30-42
t5_2400_NE_30-42_85,5,623,875,2398.5,28.3,36.5,46.441174,8.725314,2698875.0,1144125.0,2400,NE,30-42
t5_2400_NE_30-42_86,5,574,958,2365.2,56.0,35.0,46.547966,8.998441,2719625.0,1156375.0,2400,NE,30-42
t5_2400_E_30-42_87,5,625,990,2373.0,83.0,32.4,46.431819,9.099205,2727625.0,1143625.0,2400,E,30-42
t5_2400_SE_30-42_88,5,679,984,2355.5,114.7,34.2,46.310688,9.076028,2726125.0,1130125.0,2400,SE,30-42
t5_2400_S_30-42_89,5,568,851,2399.5,159.6,34.0,46.565707,8.65001,2692875.0,1157875.0,2400,S,30-42
t5_2400_S_30-42_90,5,610,975,2354.1,178.1,39.0,46.466249,9.051429,2723875.0,1147375.0,2400,S,30-42
t5_2400_SW_30-42_91,5,607,1025,2382.7,217.2,36.0,46.470566,9.214341,2736375.0,1148125.0,2400,SW,30-42
t5_2400_SW_30-42_92,5,619,839,2384.4,237.8,37.2,46.451436,8.608408,2689875.0,1145125.0,2400,SW,30-42
t5_2400_W_30-42_93,5,603,1040,2420.0,261.2,33.5,46.478785,9.263454,2740125.0,1149125.0,2400,W,30-42
t5_2400_NW_30-42_94,5,560,965,2428.3,305.7,34.2,46.579129,9.022174,2721375.0,1159875.0,2400,NW,30-42
t5_2400_N_30-42_95,5,643,1010,2466.7,337.9,36.1,46.390378,9.162954,2732625.0,1139125.0,2400,N,30-42
t5_2400_N_42-55_96,5,691,775,2364.0,347.4,44.4,46.291481,8.397321,2673875.0,1127125.0,2400,N,42-55
t5_2400_NE_42-55_97,5,647,878,2377.7,64.0,44.6,46.387096,8.733783,2699625.0,1138125.0,2400,NE,42-55
t5_2400_E_42-55_98,5,643,988,2483.4,102.8,43.7,46.391443,9.091468,2727125.0,1139125.0,2400,E,42-55
t5_2400_E_42-55_99,5,665,918,2274.6,112.5,43.7,46.345063,8.862696,2709625.0,1133625.0,2400,E,42-55
t5_2400_SE_42-55_100,5,639,803,2373.6,126.2,44.2,46.407608,8.490411,2680875.0,1140125.0,2400,SE,42-55
t5_2400_SE_42-55_101,5,663,986,2388.2,155.4,45.8,46.346569,9.083606,2726625.0,1134125.0,2400,SE,42-55
t5_2400_S_42-55_102,5,643,885,2308.6,180.6,42.1,46.395829,8.756748,2701375.0,1139125.0,2400,S,42-55
t5_2400_SW_42-55_103,5,645,983,2402.3,214.6,47.6,46.387182,9.075085,2725875.0,1138625.0,2400,SW,42-55
t5_2400_SW_42-55_104,5,654,1042,2372.7,243.0,43.0,46.364017,9.266096,2740625.0,1136375.0,2400,SW,42-55
t5_2400_W_42-55_105,5,624,981,2382.3,267.8,45.3,46.434492,9.070005,2725375.0,1143875.0,2400,W,42-55
t5_2400_NW_42-55_106,5,704,771,2273.3,307.9,43.8,46.262356,8.383837,2672875.0,1123875.0,2400,NW,42-55
t5_2400_NW_42-55_107,5,624,890,2402.1,335.0,44.3,46.438362,8.774048,2702625.0,1143875.0,2400,NW,42-55
t5_2800_N_20-30_108,5,632,797,2792.3,1.6,21.9,46.423528,8.471205,2679375.0,1141875.0,2800,N,20-30
t5_2800_NE_20-30_109,5,635,802,2773.7,28.4,20.6,46.416633,8.487334,2680625.0,1141125.0,2800,NE,20-30
t5_2800_NE_20-30_110,5,602,1045,2783.3,60.4,21.1,46.480771,9.279803,2741375.0,1149375.0,2800,NE,20-30
t5_2800_E_20-30_111,5,612,989,2732.7,93.9,26.4,46.461096,9.096847,2727375.0,1146875.0,2800,E,20-30
t5_2800_SE_20-30_112,5,644,797,2739.6,119.0,23.1,46.396544,8.470692,2679375.0,1138875.0,2800,SE,20-30
t5_2800_SE_20-30_113,5,616,1039,2820.2,156.2,26.5,46.44961,9.259218,2739875.0,1145875.0,2800,SE,20-30
t5_2800_S_20-30_114,5,605,981,2873.2,179.9,24.4,46.477212,9.071292,2725375.0,1148625.0,2800,S,20-30
t5_2800_S_20-30_115,5,629,875,2784.8,202.0,27.0,46.427682,8.724994,2698875.0,1142625.0,2800,S,20-30
t5_2800_SW_20-30_116,5,635,792,2771.6,234.9,24.7,46.416929,8.45482,2678125.0,1141125.0,2800,SW,20-30
t5_2800_W_20-30_117,5,594,963,2832.4,269.2,22.1,46.502773,9.013427,2720875.0,1151375.0,2800,W,20-30
t5_2800_W_20-30_118,5,563,966,2791.6,291.5,27.3,46.572338,9.025237,2721625.0,1159125.0,2800,W,20-30
t5_2800_NW_20-30_119,5,579,961,2798.0,323.8,26.9,46.536589,9.007891,2720375.0,1155125.0,2800,NW,20-30
t5_2800_N_30-42_120,5,617,774,2757.7,350.2,30.2,46.457915,8.397009,2673625.0,1145625.0,2800,N,30-42
t5_2800_NE_30-42_121,5,626,877,2722.4,39.2,32.0,46.434354,8.731658,2699375.0,1143375.0,2800,NE,30-42
t5_2800_NE_30-42_122,5,631,793,2818.6,52.5,31.2,46.425894,8.45824,2678375.0,1142125.0,2800,NE,30-42
t5_2800_E_30-42_123,5,613,1044,2829.8,97.4,34.4,46.456092,9.27571,2741125.0,1146625.0,2800,E,30-42
t5_2800_E_30-42_124,5,617,988,2881.4,108.5,36.1,46.449902,9.09325,2727125.0,1145625.0,2800,E,30-42
t5_2800_SE_30-42_125,5,606,978,2864.1,153.2,32.4,46.475104,9.06146,2724625.0,1148375.0,2800,SE,30-42
t5_2800_S_30-42_126,5,605,994,2754.9,191.6,36.9,46.476596,9.113601,2728625.0,1148625.0,2800,S,30-42
t5_2800_S_30-42_127,5,604,971,2796.5,198.9,32.8,46.479924,9.038812,2722875.0,1148875.0,2800,S,30-42
t5_2800_SW_30-42_128,5,582,961,2753.7,228.3,37.3,46.529844,9.007696,2720375.0,1154375.0,2800,SW,30-42
t5_2800_W_30-42_129,5,597,1043,2804.4,266.9,35.3,46.492118,9.273675,2740875.0,1150625.0,2800,W,30-42
t5_2800_NW_30-42_130,5,618,984,2762.1,294.4,36.7,46.447842,9.08017,2726125.0,1145375.0,2800,NW,30-42
t5_2800_NW_30-42_131,5,615,1036,2835.0,324.4,32.7,46.452014,9.249534,2739125.0,1146125.0,2800,NW,30-42
t5_2800_SE_42-55_132,5,664,983,2635.1,137.7,44.3,46.344462,9.073798,2725875.0,1133875.0,2800,SE,42-55
t5_2800_S_42-55_133,5,600,970,2832.5,191.0,46.0,46.488964,9.035822,2722625.0,1149875.0,2800,S,42-55
t6_1600_N_20-30_0,6,449,1159,1539.1,356.1,24.5,46.818089,9.664919,2769875.0,1187625.0,1600,N,20-30
t6_1600_NE_20-30_1,6,412,1176,1695.2,23.8,20.9,46.900162,9.724117,2774125.0,1196875.0,1600,NE,20-30
t6_1600_NE_20-30_2,6,561,1147,1544.1,52.5,27.5,46.567072,9.615443,2766875.0,1159625.0,1600,NE,20-30
t6_1600_E_20-30_3,6,482,1075,1643.3,89.7,23.2,46.748929,9.387141,2748875.0,1179375.0,1600,E,20-30
t6_1600_E_20-30_4,6,513,1051,1456.2,109.1,22.5,46.680548,9.306228,2742875.0,1171625.0,1600,E,20-30
t6_1600_SE_20-30_5,6,565,1061,1611.8,143.4,24.6,46.5631,9.334787,2745375.0,1158625.0,1600,SE,20-30
t6_1600_S_20-30_6,6,441,1068,1568.2,180.1,26.6,46.841493,9.367544,2747125.0,1189625.0,1600,S,20-30
t6_1600_SW_20-30_7,6,402,1204,1539.9,209.9,27.3,46.920769,9.816935,2781125.0,1199375.0,1600,SW,20-30
t6_1600_SW_20-30_8,6,457,1009,1594.0,243.6,25.3,46.808619,9.173069,2732375.0,1185625.0,1600,SW,20-30
t6_1600_W_20-30_9,6,566,1095,1561.4,262.9,24.0,46.55895,9.445524,2753875.0,1158375.0,1600,W,20-30
t6_1600_W_20-30_10,6,487,1194,1577.3,289.9,23.5,46.73038,9.775817,2778625.0,1178125.0,1600,W,20-30
t6_1600_N_20-30_11,6,492,966,1580.2,342.0,24.9,46.731976,9.029933,2721625.0,1176875.0,1600,N,20-30
t6_1600_N_30-42_12,6,509,1106,1513.0,9.1,37.5,46.686454,9.486224,2756625.0,1172625.0,1600,N,30-42
t6_1600_NE_30-42_13,6,524,1173,1659.9,37.4,36.2,46.648592,9.703669,2773375.0,1168875.0,1600,NE,30-42
t6_1600_NE_30-42_14,6,518,947,1624.0,52.3,39.8,46.674366,8.966146,2716875.0,1170375.0,1600,NE,30-42
t6_1600_E_30-42_15,6,528,1012,1615.1,89.7,38.3,46.648839,9.177737,2733125.0,1167875.0,1600,E,30-42
t6_1600_SE_30-42_16,6,490,1189,1648.5,128.7,33.7,46.72397,9.759181,2777375.0,1177375.0,1600,SE,30-42
t6_1600_SE_30-42_17,6,658,1092,1632.1,149.4,33.6,46.352289,9.42814,2753125.0,1135375.0,1600,SE,30-42
t6_1600_S_30-42_18,6,350,1148,1599.8,175.4,35.8,47.04133,9.637989,2767125.0,1212375.0,1600,S,30-42
t6_1600_SW_30-42_19,6,518,1176,1616.0,211.2,35.4,46.661885,9.71403,2774125.0,1170375.0,1600,SW,30-42
t6_1600_SW_30-42_20,6,551,1148,1612.7,237.7,34.9,46.58949,9.619609,2767125.0,1162125.0,1600,SW,30-42
t6_1600_W_30-42_21,6,478,1070,1566.5,272.7,37.3,46.7582,9.37111,2747625.0,1180375.0,1600,W,30-42
t6_1600_NW_30-42_22,6,486,1067,1540.0,306.0,35.7,46.740381,9.360655,2746875.0,1178375.0,1600,NW,30-42
t6_1600_NW_30-42_23,6,509,918,1592.3,325.8,36.4,46.695833,8.87195,2709625.0,1172625.0,1600,NW,30-42
t6_1600_N_42-55_24,6,327,1172,1713.5,2.7,44.8,47.091489,9.719105,2773125.0,1218125.0,1600,N,42-55
t6_1600_NE_42-55_25,6,521,1170,1516.7,34.0,44.5,46.655531,9.694158,2772625.0,1169625.0,1600,NE,42-55
t6_1600_NE_42-55_26,6,448,986,1631.4,51.8,44.9,46.829973,9.098376,2726625.0,1187875.0,1600,NE,42-55
t6_1600_E_42-55_27,6,557,1084,1633.1,99.0,44.7,46.57981,9.41041,2751125.0,1160625.0,1600,E,42-55
t6_1600_SE_42-55_28,6,438,1050,1541.4,139.6,44.8,46.849218,9.308803,2742625.0,1190375.0,1600,SE,42-55
t6_1600_S_42-55_29,6,434,1092,1579.6,159.3,49.4,46.855876,9.446762,2753125.0,1191375.0,1600,S,42-55
t6_1600_S_42-55_30,6,661,1105,1667.5,177.1,47.5,46.344795,9.470095,2756375.0,1134625.0,1600,S,42-55
t6_1600_SW_42-55_31,6,438,1045,1656.7,211.4,47.0,46.849484,9.292418,2741375.0,1190375.0,1600,SW,42-55
t6_1600_SW_42-55_32,6,349,1119,1606.8,235.4,50.5,47.045366,9.542715,2759875.0,1212625.0,1600,SW,42-55
t6_1600_W_42-55_33,6,533,1016,1511.9,271.4,43.3,46.637398,9.190432,2734125.0,1166625.0,1600,W,42-55
t6_1600_NW_42-55_34,6,517,1052,1657.7,309.4,47.2,46.671501,9.309183,2743125.0,1170625.0,1600,NW,42-55
t6_1600_NW_42-55_35,6,429,1132,1580.6,301.6,45.7,46.864738,9.578289,2763125.0,1192625.0,1600,NW,42-55
t6_2000_N_20-30_36,6,435,1234,2008.6,2.9,22.5,46.844508,9.911937,2788625.0,1191125.0,2000,N,20-30
t6_2000_NE_20-30_37,6,386,1213,1971.8,35.7,26.6,46.956116,9.848073,2783375.0,1203375.0,2000,NE,20-30
t6_2000_NE_20-30_38,6,480,1209,2002.4,54.4,23.1,46.745099,9.82555,2782375.0,1179875.0,2000,NE,20-30
t6_2000_E_20-30_39,6,596,1097,1929.7,99.2,23.4,46.491389,9.449535,2754375.0,1150875.0,2000,E,20-30
t6_2000_SE_20-30_40,6,545,1003,1991.4,130.5,24.2,46.611062,9.147145,2730875.0,1163625.0,2000,SE,20-30
t6_2000_SE_20-30_41,6,472,963,1984.3,146.8,27.9,46.777081,9.021442,2720875.0,1181875.0,2000,SE,20-30
t6_2000_S_20-30_42,6,431,1145,2007.5,188.7,21.8,46.859437,9.620714,2766375.0,1192125.0,2000,S,20-30
t6_2000_SW_20-30_43,6,603,1118,2097.2,219.2,28.0,46.474421,9.517287,2759625.0,1149125.0,2000,SW,20-30
t6_2000_SW_20-30_44,6,461,1225,2008.9,240.9,27.1,46.7867,9.879802,2786375.0,1184625.0,2000,SW,20-30
t6_2000_W_20-30_45,6,472,1133,1963.2,258.9,25.9,46.768013,9.577722,2763375.0,1181875.0,2000,W,20-30
t6_2000_NW_20-30_46,6,464,1209,1940.7,311.3,23.9,46.781064,9.827143,2782375.0,1183875.0,2000,NW,20-30
t6_2000_NW_20-30_47,6,554,1005,1948.9,330.4,25.1,46.590729,9.153028,2731375.0,1161375.0,2000,NW,20-30
t6_2000_N_30-42_48,6,521,1072,2083.7,2.7,35.9,46.661417,9.374181,2748125.0,1169625.0,2000,N,30-42
t6_2000_NE_30-42_49,6,457,1231,1980.5,30.9,32.2,46.79527,9.899847,2787875.0,1185625.0,2000,NE,30-42
t6_2000_NE_30-42_50,6,467,1222,2012.3,50.3,33.8,46.773423,9.869376,2785625.0,1183125.0,2000,NE,30-42
t6_2000_E_30-42_51,6,577,1088,2043.2,99.2,34.5,46.53462,9.421803,2752125.0,1155625.0,2000,E,30-42
t6_2000_SE_30-42_52,6,477,1160,2035.4,121.1,33.3,46.755083,9.66559,2770125.0,1180625.0,2000,SE,30-42
t6_2000_SE_30-42_53,6,584,1006,1924.0,147.0,38.7,46.523229,9.154149,2731625.0,1153875.0,2000,SE,30-42
t6_2000_S_30-42_54,6,426,1255,1914.4,171.8,36.3,46.863227,9.981685,2793875.0,1193375.0,2000,S,30-42
t6_2000_SW_30-42_55,6,404,1235,1958.6,212.3,32.8,46.914115,9.918424,2788875.0,1198875.0,2000,SW,30-42
t6_2000_SW_30-42_56,6,472,1232,2096.6,236.8,32.5,46.761483,9.901578,2788125.0,1181875.0,2000,SW,30-42
t6_2000_W_30-42_57,6,614,1074,1947.3,274.7,34.0,46.452222,9.373221,2748625.0,1146375.0,2000,W,30-42
t6_2000_NW_30-42_58,6,544,985,1970.2,299.4,37.3,46.614177,9.088486,2726375.0,1163875.0,2000,NW,30-42
t6_2000_NW_30-42_59,6,592,1001,1965.6,327.3,37.5,46.505487,9.137299,2730375.0,1151875.0,2000,NW,30-42
t6_2000_N_42-55_60,6,431,1256,2030.7,358.6,42.5,46.851916,9.98443,2794125.0,1192125.0,2000,N,42-55
t6_2000_NE_42-55_61,6,530,953,2017.7,24.9,46.4,46.647121,8.984973,2718375.0,1167375.0,2000,NE,42-55
t6_2000_NE_42-55_62,6,427,1047,1977.4,63.1,48.3,46.874108,9.299828,2741875.0,1193125.0,2000,NE,42-55
t6_2000_E_42-55_63,6,430,1048,1928.2,84.2,46.4,46.86731,9.302872,2742125.0,1192375.0,2000,E,42-55
t6_2000_SE_42-55_64,6,562,989,1993.0,129.8,42.5,46.573516,9.100293,2727375.0,1159375.0,2000,SE,42-55
t6_2000_SE_42-55_65,6,581,1012,1969.1,146.0,42.7,46.529677,9.173909,2733125.0,1154625.0,2000,SE,42-55
t6_2000_S_42-55_66,6,606,1059,1952.6,180.7,47.9,46.47103,9.325054,2744875.0,1148375.0,2000,S,42-55
t6_2000_SW_42-55_67,6,350,1125,1984.5,211.1,47.2,47.042755,9.562357,2761375.0,1212375.0,2000,SW,42-55
t6_2000_SW_42-55_68,6,546,913,1986.4,245.8,43.6,46.612842,8.85343,2708375.0,1163375.0,2000,SW,42-55
t6_2000_W_42-55_69,6,591,1105,2023.5,268.5,45.9,46.502166,9.475999,2756375.0,1152125.0,2000,W,42-55
t6_2000_NW_42-55_70,6,451,960,2016.2,301.1,45.3,46.824433,9.013003,2720125.0,1187125.0,2000,NW,42-55
t6_2000_N_42-55_71,6,579,1042,2083.7,341.1,48.4,46.53264,9.271789,2740625.0,1155125.0,2000,N,42-55
t6_2400_N_20-30_72,6,557,1038,2365.0,0.8,20.7,46.582311,9.260422,2739625.0,1160625.0,2400,N,20-30
t6_2400_NE_20-30_73,6,463,1235,2328.9,41.6,25.0,46.7815,9.912319,2788875.0,1184125.0,2400,NE,20-30
t6_2400_NE_20-30_74,6,419,1291,2282.7,57.2,26.0,46.876275,10.100428,2802875.0,1195125.0,2400,NE,20-30
t6_2400_E_20-30_75,6,547,1113,2437.0,80.7,23.4,46.600613,9.50582,2758375.0,1163125.0,2400,E,20-30
t6_2400_SE_20-30_76,6,589,1079,2538.2,119.5,23.2,46.508149,9.39151,2749875.0,1152625.0,2400,SE,20-30
t6_2400_S_20-30_77,6,527,940,2391.6,159.9,27.5,46.654434,8.942716,2715125.0,1168125.0,2400,S,20-30
t6_2400_S_20-30_78,6,442,1268,2363.7,178.3,25.3,46.82631,10.022557,2797125.0,1189375.0,2400,S,20-30
t6_2400_SW_20-30_79,6,598,1115,2418.2,205.4,24.3,46.48584,9.507954,2758875.0,1150375.0,2400,SW,20-30
t6_2400_SW_20-30_80,6,545,1105,2402.6,232.6,22.5,46.60558,9.479897,2756375.0,1163625.0,2400,SW,20-30
t6_2400_W_20-30_81,6,474,1138,2431.7,273.7,22.8,46.763209,9.593901,2764625.0,1181375.0,2400,W,20-30
t6_2400_NW_20-30_82,6,600,1084,2425.8,298.7,25.3,46.483138,9.406892,2751125.0,1149875.0,2400,NW,20-30
t6_2400_NW_20-30_83,6,567,1017,2368.9,330.9,23.8,46.560904,9.191217,2734375.0,1158125.0,2400,NW,20-30
t6_2400_N_30-42_84,6,542,1200,2451.0,353.3,37.1,46.606343,9.79004,2780125.0,1164375.0,2400,N,30-42
t6_2400_N_30-42_85,6,533,996,2338.8,21.4,37.4,46.638383,9.125148,2729125.0,1166625.0,2400,N,30-42
t6_2400_NE_30-42_86,6,475,907,2419.6,66.5,34.4,46.772729,8.837984,2706875.0,1181125.0,2400,NE,30-42
t6_2400_E_30-42_87,6,578,969,2391.4,100.7,41.1,46.538475,9.034023,2722375.0,1155375.0,2400,E,30-42
t6_2400_SE_30-42_88,6,411,1281,2415.2,119.0,31.1,46.895013,10.068531,2800375.0,1197125.0,2400,SE,30-42
t6_2400_S_30-42_89,6,583,1003,2425.5,160.2,33.8,46.525624,9.144448,2730875.0,1154125.0,2400,S,30-42
t6_2400_S_30-42_90,6,650,1098,2381.0,172.1,36.1,46.36993,9.448286,2754625.0,1137375.0,2400,S,30-42
t6_2400_SW_30-42_91,6,474,913,2371.5,216.9,38.4,46.774735,8.857679,2708375.0,1181375.0,2400,SW,30-42
t6_2400_SW_30-42_92,6,557,1024,2402.8,237.2,37.8,46.583033,9.214771,2736125.0,1160625.0,2400,SW,30-42
t6_2400_W_30-42_93,6,540,873,2374.5,259.5,32.8,46.627881,8.723229,2698375.0,1164875.0,2400,W,30-42
t6_2400_NW_30-42_94,6,551,883,2393.2,294.1,34.6,46.602774,8.755266,2700875.0,1162125.0,2400,NW,30-42
t6_2400_NW_30-42_95,6,516,1201,2396.5,319.2,31.0,46.664721,9.795851,2780375.0,1170875.0,2400,NW,30-42
t6_2400_N_42-55_96,6,434,1275,2499.8,350.2,44.8,46.84377,10.04635,2798875.0,1191375.0,2400,N,42-55
t6_2400_NE_42-55_97,6,340,1172,2350.8,37.7,45.0,47.062268,9.717861,2773125.0,1214875.0,2400,NE,42-55
t6_2400_NE_42-55_98,6,425,1066,2467.1,60.4,44.4,46.877574,9.362277,2746625.0,1193625.0,2400,NE,42-55
t6_2400_E_42-55_99,6,515,866,2359.2,79.8,43.9,46.684351,8.701695,2696625.0,1171125.0,2400,E,42-55
t6_2400_E_42-55_100,6,569,970,2388.3,109.2,43.6,46.558665,9.037879,2722625.0,1157625.0,2400,E,42-55
t6_2400_SE_42-55_101,6,460,955,2313.1,151.7,47.0,46.804422,8.99604,2718875.0,1184875.0,2400,SE,42-55
t6_2400_S_42-55_102,6,562,983,2366.8,190.6,47.8,46.5738,9.08073,2725875.0,1159375.0,2400,S,42-55
t6_2400_SW_42-55_103,6,346,1166,2343.0,214.1,45.1,47.049171,9.697556,2771625.0,1213375.0,2400,SW,42-55
t6_2400_SW_42-55_104,6,356,1199,2420.7,232.5,44.7,47.024506,9.805085,2779875.0,1210875.0,2400,SW,42-55
t6_2400_W_42-55_105,6,444,963,2372.9,271.6,48.0,46.840036,9.023294,2720875.0,1188875.0,2400,W,42-55
t6_2400_NW_42-55_106,6,576,1131,2385.7,299.4,47.7,46.534337,9.561967,2762875.0,1155875.0,2400,NW,42-55
t6_2400_N_42-55_107,6,446,1264,2403.3,341.5,47.7,46.817615,10.009029,2796125.0,1188375.0,2400,N,42-55
t6_2800_N_20-30_108,6,545,1208,2846.9,349.4,20.3,46.599058,9.815836,2782125.0,1163625.0,2800,N,20-30
t6_2800_NE_20-30_109,6,602,985,2819.8,35.5,23.5,46.48377,9.084515,2726375.0,1149375.0,2800,NE,20-30
t6_2800_E_20-30_110,6,584,980,2814.9,69.4,25.5,46.524476,9.069458,2725125.0,1153875.0,2800,E,20-30
t6_2800_E_20-30_111,6,556,877,2689.7,87.7,25.6,46.591756,8.735421,2699375.0,1160875.0,2800,E,20-30
t6_2800_SE_20-30_112,6,510,1213,2869.7,131.2,25.7,46.67739,9.835631,2783375.0,1172375.0,2800,SE,20-30
t6_2800_SE_20-30_113,6,468,930,2666.7,153.3,24.2,46.787521,8.913685,2712625.0,1182875.0,2800,SE,20-30
t6_2800_S_20-30_114,6,549,927,2847.4,191.1,26.7,46.60552,8.898928,2711875.0,1162625.0,2800,S,20-30
t6_2800_SW_20-30_115,6,608,1134,2831.4,206.3,25.9,46.462216,9.568908,2763625.0,1147875.0,2800,SW,20-30
t6_2800_W_20-30_116,6,601,1129,2781.7,248.1,28.0,46.478256,9.553256,2762375.0,1149625.0,2800,W,20-30
t6_2800_W_20-30_117,6,581,995,2776.5,265.4,22.2,46.530509,9.118528,2728875.0,1154625.0,2800,W,20-30
t6_2800_W_20-30_118,6,562,904,2793.4,290.2,26.9,46.577227,8.823142,2706125.0,1159375.0,2800,W,20-30
t6_2800_NW_20-30_119,6,604,1085,2773.8,322.5,23.8,46.474089,9.409819,2751375.0,1148875.0,2800,NW,20-30
t6_2800_N_30-42_120,6,467,951,2830.4,352.5,38.1,46.78886,8.982491,2717875.0,1183125.0,2800,N,30-42
t6_2800_N_30-42_121,6,567,1171,2815.1,19.7,37.5,46.55206,9.693106,2772875.0,1158125.0,2800,N,30-42
t6_2800_NE_30-42_122,6,438,970,2793.2,56.8,36.5,46.853205,9.046632,2722625.0,1190375.0,2800,NE,30-42
t6_2800_E_30-42_123,6,596,1134,2865.9,87.3,36.0,46.489193,9.569969,2763625.0,1150875.0,2800,E,30-42
t6_2800_SE_30-42_124,6,543,933,2811.9,126.3,36.1,46.618758,8.918872,2713375.0,1164125.0,2800,SE,30-42
t6_2800_SE_30-42_125,6,605,1089,2787.5,156.5,32.5,46.471614,9.422753,2752375.0,1148625.0,2800,SE,30-42
t6_2800_S_30-42_126,6,592,978,2810.4,168.9,32.9,46.506582,9.062404,2724625.0,1151875.0,2800,S,30-42
t6_2800_SW_30-42_127,6,554,1174,2837.3,210.5,37.2,46.581089,9.704105,2773625.0,1161375.0,2800,SW,30-42
t6_2800_SW_30-42_128,6,466,908,2778.7,228.7,33.2,46.792925,8.841784,2707125.0,1183375.0,2800,SW,30-42
t6_2800_W_30-42_129,6,583,1171,2771.9,265.8,34.0,46.516092,9.691608,2772875.0,1154125.0,2800,W,30-42
t6_2800_W_30-42_130,6,539,994,2812.7,291.9,30.7,46.624989,9.1182,2728625.0,1165125.0,2800,W,30-42
t6_2800_NW_30-42_131,6,600,997,2747.5,323.8,36.5,46.487693,9.123714,2729375.0,1149875.0,2800,NW,30-42
t6_2800_N_42-55_132,6,415,1065,2805.2,5.0,45.3,46.90011,9.359801,2746375.0,1196125.0,2800,N,42-55
t6_2800_NE_42-55_133,6,465,911,2771.3,62.7,46.1,46.795052,8.851664,2707875.0,1183625.0,2800,NE,42-55
t6_2800_NE_42-55_134,6,414,1061,2856.9,34.4,46.7,46.902578,9.346762,2745375.0,1196375.0,2800,NE,42-55
t6_2800_SE_42-55_135,6,583,998,2665.6,148.7,44.6,46.525868,9.128161,2729625.0,1154125.0,2800,SE,42-55
t6_2800_SE_42-55_136,6,600,1135,2692.1,114.7,43.3,46.480139,9.572869,2763875.0,1149875.0,2800,SE,42-55
t6_2800_S_42-55_137,6,470,948,2785.4,190.5,43.4,46.782248,8.972478,2717125.0,1182375.0,2800,S,42-55
t6_2800_SW_42-55_138,6,464,942,2847.3,221.7,47.4,46.796,8.953219,2715625.0,1183875.0,2800,SW,42-55
t6_2800_SW_42-55_139,6,539,1153,2647.8,235.2,43.4,46.616152,9.63701,2768375.0,1165125.0,2800,SW,42-55
t6_2800_W_42-55_140,6,542,1172,2780.2,269.7,42.5,46.608194,9.698712,2773125.0,1164375.0,2800,W,42-55
t6_2800_W_42-55_141,6,533,1050,2703.1,288.6,43.5,46.635636,9.30141,2742625.0,1166625.0,2800,W,42-55
t6_2800_NW_42-55_142,6,581,1129,2840.1,297.7,48.2,46.523218,9.555012,2762375.0,1154625.0,2800,NW,42-55
t6_2800_NW_42-55_143,6,595,1131,2858.3,332.4,45.1,46.491624,9.560292,2762875.0,1151125.0,2800,NW,42-55
t7_1600_N_20-30_0,7,335,1021,1580.8,357.3,23.4,47.082298,9.221443,2735375.0,1216125.0,1600,N,20-30
t7_1600_NE_20-30_1,7,370,1090,1569.9,27.3,22.7,46.999867,9.445574,2752625.0,1207375.0,1600,NE,20-30
t7_1600_NE_20-30_2,7,323,1126,1661.9,51.3,24.4,47.103387,9.568056,2761625.0,1219125.0,1600,NE,20-30
t7_1600_E_20-30_3,7,355,1035,1656.9,91.5,24.5,47.036611,9.265986,2738875.0,1211125.0,1600,E,20-30
t7_1600_SE_20-30_4,7,414,992,1623.0,126.5,24.8,46.906128,9.12042,2728125.0,1196375.0,1600,SE,20-30
t7_1600_SE_20-30_5,7,383,1090,1618.8,149.1,25.8,46.970642,9.444482,2752625.0,1204125.0,1600,SE,20-30
t7_1600_S_20-30_6,7,403,1017,1600.8,178.0,21.9,46.929624,9.203243,2734375.0,1199125.0,1600,S,20-30
t7_1600_SW_20-30_7,7,385,1014,1577.4,211.2,23.9,46.970244,9.19472,2733625.0,1203625.0,1600,SW,20-30
t7_1600_SW_20-30_8,7,380,1009,1742.2,243.6,23.1,46.981735,9.178662,2732375.0,1204875.0,1600,SW,20-30
t7_1600_W_20-30_9,7,347,984,1604.6,266.2,23.4,47.057145,9.098827,2726125.0,1213125.0,1600,W,20-30
t7_1600_NW_20-30_10,7,297,1138,1600.2,309.8,25.2,47.161092,9.609932,2764625.0,1225625.0,1600,NW,20-30
t7_1600_NW_20-30_11,7,301,1151,1561.2,323.3,20.8,47.151284,9.652402,2767875.0,1224625.0,1600,NW,20-30
t7_1600_N_30-42_12,7,423,988,1631.6,1.1,37.6,46.886085,9.10667,2727125.0,1194125.0,1600,N,30-42
t7_1600_NE_30-42_13,7,339,1120,1576.1,23.8,36.3,47.067785,9.546887,2760125.0,1215125.0,1600,NE,30-42
t7_1600_E_30-42_14,7,383,1060,1564.6,68.0,39.9,46.972325,9.345954,2745125.0,1204125.0,1600,E,30-42
t7_1600_E_30-42_15,7,343,1011,1641.1,91.1,36.2,47.064819,9.187943,2732875.0,1214125.0,1600,E,30-42
t7_1600_SE_30-42_16,7,264,1079,1590.5,131.2,39.1,47.238782,9.41822,2749875.0,1233875.0,1600,SE,30-42
t7_1600_SE_30-42_17,7,274,1066,1603.5,154.4,34.3,47.217032,9.374496,2746625.0,1231375.0,1600,SE,30-42
t7_1600_S_30-42_18,7,306,1033,1522.7,173.6,38.8,47.146873,9.263157,2738375.0,1223375.0,1600,S,30-42
t7_1600_SW_30-42_19,7,367,1008,1609.9,209.3,33.6,47.011012,9.176323,2732125.0,1208125.0,1600,SW,30-42
t7_1600_W_30-42_20,7,412,968,1673.7,249.0,36.9,46.911755,9.041819,2722125.0,1196875.0,1600,W,30-42
t7_1600_W_30-42_21,7,378,1064,1766.6,264.0,34.2,46.983346,9.359494,2746125.0,1205375.0,1600,W,30-42
t7_1600_NW_30-42_22,7,265,1045,1601.6,305.6,39.1,47.238409,9.305915,2741375.0,1233625.0,1600,NW,30-42
t7_1600_NW_30-42_23,7,415,1004,1611.1,335.4,36.0,46.903295,9.159714,2731125.0,1196125.0,1600,NW,30-42
t7_1600_N_42-55_24,7,411,1077,1635.8,11.1,50.6,46.908435,9.399488,2749375.0,1197125.0,1600,N,42-55
t7_1600_NE_42-55_25,7,408,1066,1578.5,35.7,48.8,46.915792,9.363645,2746625.0,1197875.0,1600,NE,42-55
t7_1600_E_42-55_26,7,335,1011,1587.4,95.2,43.0,47.082804,9.18853,2732875.0,1216125.0,1600,E,42-55
t7_1600_SE_42-55_27,7,331,991,1611.7,116.1,47.2,47.092781,9.122986,2727875.0,1217125.0,1600,SE,42-55
t7_1600_SE_42-55_28,7,256,1088,1620.1,113.3,44.4,47.256251,9.448602,2752125.0,1235875.0,1600,SE,42-55
t7_1600_SE_42-55_29,7,307,1024,1679.0,145.8,50.1,47.145092,9.233425,2736125.0,1223125.0,1600,SE,42-55
t7_1600_S_42-55_30,7,406,1080,1606.4,188.2,44.8,46.919507,9.409742,2750125.0,1198375.0,1600,S,42-55
t7_1600_SW_42-55_31,7,306,1049,1645.2,203.5,45.1,47.146025,9.315879,2742375.0,1223375.0,1600,SW,42-55
t7_1600_W_42-55_32,7,310,1059,1641.3,248.2,43.2,47.13649,9.348508,2744875.0,1222375.0,1600,W,42-55
t7_1600_W_42-55_33,7,337,996,1734.5,273.9,43.3,47.07905,9.139017,2729125.0,1215625.0,1600,W,42-55
t7_1600_NW_42-55_34,7,413,1092,1673.2,300.2,48.5,46.903085,9.448525,2753125.0,1196625.0,1600,NW,42-55
t7_1600_NW_42-55_35,7,257,1052,1563.5,319.4,44.7,47.256016,9.329657,2743125.0,1235625.0,1600,NW,42-55
t7_2000_N_20-30_36,7,408,1045,2025.1,4.5,24.9,46.91693,9.294745,2741375.0,1197875.0,2000,N,20-30
t7_2000_NE_20-30_37,7,386,994,1976.3,28.1,20.7,46.968983,9.12896,2728625.0,1203375.0,2000,NE,20-30
t7_2000_E_20-30_38,7,320,1081,1981.9,70.5,21.9,47.112782,9.420152,2750375.0,1219875.0,2000,E,20-30
t7_2000_E_20-30_39,7,406,995,1910.5,97.0,25.3,46.923969,9.130827,2728875.0,1198375.0,2000,E,20-30
t7_2000_SE_20-30_40,7,354,1049,2008.7,114.4,23.3,47.038116,9.312101,2742375.0,1211375.0,2000,SE,20-30
t7_2000_S_20-30_41,7,402,1044,2094.2,159.4,22.3,46.930472,9.291929,2741125.0,1199375.0,2000,S,20-30
t7_2000_S_20-30_42,7,401,1055,1818.8,176.4,22.5,46.932131,9.328108,2743875.0,1199625.0,2000,S,20-30
t7_2000_SW_20-30_43,7,362,1005,2028.2,205.9,25.2,47.022402,9.166824,2731375.0,1209375.0,2000,SW,20-30
t7_2000_SW_20-30_44,7,404,1069,2035.9,232.2,24.2,46.924619,9.373811,2747375.0,1198875.0,2000,SW,20-30
t7_2000_W_20-30_45,7,373,1026,1989.5,269.1,28.4,46.996611,9.235034,2736625.0,1206625.0,2000,W,20-30
t7_2000_NW_20-30_46,7,372,1013,2021.3,305.6,28.5,46.999521,9.19239,2733375.0,1206875.0,2000,NW,20-30
t7_2000_NW_20-30_47,7,339,1135,1997.7,325.5,24.9,47.066868,9.596236,2763875.0,1215125.0,2000,NW,20-30
t7_2000_N_30-42_48,7,408,1059,2055.8,11.1,35.4,46.916176,9.340679,2744875.0,1197875.0,2000,N,30-42
t7_2000_NE_30-42_49,7,380,1068,1993.8,28.8,36.8,46.978629,9.372472,2747125.0,1204875.0,2000,NE,30-42
t7_2000_E_30-42_50,7,416,1010,1957.4,70.2,36.3,46.900749,9.179323,2732625.0,1195875.0,2000,E,30-42
t7_2000_E_30-42_51,7,375,1018,2053.9,95.6,35.0,46.992524,9.208598,2734625.0,1206125.0,2000,E,30-42
t7_2000_SE_30-42_52,7,378,1031,2004.8,121.2,32.2,46.985112,9.251084,2737875.0,1205375.0,2000,SE,30-42
t7_2000_SE_30-42_53,7,375,1043,2021.1,150.2,33.6,46.991226,9.290739,2740875.0,1206125.0,2000,SE,30-42
t7_2000_S_30-42_54,7,370,1047,1984.8,189.7,35.5,47.002254,9.304272,2741875.0,1207375.0,2000,S,30-42
t7_2000_SW_30-42_55,7,317,1074,1894.9,221.6,38.3,47.119922,9.397348,2748625.0,1220625.0,2000,SW,30-42
t7_2000_SW_30-42_56,7,409,968,1937.8,229.9,35.7,46.9185,9.04202,2722125.0,1197625.0,2000,SW,30-42
t7_2000_W_30-42_57,7,420,1091,2011.9,277.8,41.1,46.887406,9.444658,2752875.0,1194875.0,2000,W,30-42
t7_2000_NW_30-42_58,7,428,956,2033.4,296.6,34.4,46.876325,9.001402,2719125.0,1192875.0,2000,NW,30-42
t7_2000_NW_30-42_59,7,392,1019,1926.2,323.7,39.6,46.954253,9.210622,2734875.0,1201875.0,2000,NW,30-42
t7_2000_N_42-55_60,7,411,1068,2006.8,3.5,42.9,46.908937,9.369964,2747125.0,1197125.0,2000,N,42-55
t7_2000_NE_42-55_61,7,421,965,1989.9,36.6,43.9,46.891657,9.031377,2721375.0,1194625.0,2000,NE,42-55
t7_2000_NE_42-55_62,7,430,990,2196.3,50.8,42.3,46.870251,9.112738,2727625.0,1192375.0,2000,NE,42-55
t7_2000_SE_42-55_63,7,405,1075,1969.3,124.0,48.7,46.922036,9.393418,2748875.0,1198625.0,2000,SE,42-55
t7_2000_S_42-55_64,7,303,1037,2005.9,164.1,42.1,47.153408,9.276569,2739375.0,1224125.0,2000,S,42-55
t7_2000_S_42-55_65,7,304,1030,1896.8,172.0,42.1,47.151526,9.253424,2737625.0,1223875.0,2000,S,42-55
t7_2000_S_42-55_66,7,406,1072,1867.3,176.1,48.5,46.919956,9.383493,2748125.0,1198375.0,2000,S,42-55
t7_2000_SW_42-55_67,7,303,1045,2050.5,206.9,44.7,47.152983,9.302933,2741375.0,1224125.0,2000,SW,42-55
t7_2000_SW_42-55_68,7,437,956,2025.4,242.2,45.8,46.85609,9.000814,2719125.0,1190625.0,2000,SW,42-55
t7_2000_W_42-55_69,7,444,962,2069.3,273.2,45.7,46.840081,9.020017,2720625.0,1188875.0,2000,W,42-55
t7_2000_NW_42-55_70,7,429,995,2016.9,307.3,48.9,46.872259,9.129201,2728875.0,1192625.0,2000,NW,42-55
t7_2000_NW_42-55_71,7,410,1097,2034.7,331.6,48.5,46.90954,9.46518,2754375.0,1197375.0,2000,NW,42-55
t7_2400_N_20-30_72,7,406,982,2417.6,359.1,22.8,46.924592,9.088166,2725625.0,1198375.0,2400,N,20-30
t7_2400_N_20-30_73,7,393,1081,2451.0,21.9,23.1,46.948675,9.414097,2750375.0,1201625.0,2400,N,20-30
t7_2400_NE_20-30_74,7,389,1076,2413.8,52.2,21.1,46.95795,9.398011,2749125.0,1202625.0,2400,NE,20-30
t7_2400_E_20-30_75,7,409,1036,2437.2,101.9,24.3,46.915157,9.265139,2739125.0,1197625.0,2400,E,20-30
t7_2400_SE_20-30_76,7,402,1038,2454.7,124.7,24.8,46.930789,9.272238,2739625.0,1199375.0,2400,SE,20-30
t7_2400_SE_20-30_77,7,412,983,2359.6,146.5,26.1,46.911055,9.091033,2725875.0,1196875.0,2400,SE,20-30
t7_2400_S_20-30_78,7,391,1028,2392.4,176.8,24.6,46.956041,9.240248,2737125.0,1202125.0,2400,S,20-30
t7_2400_SW_20-30_79,7,399,1070,2562.0,222.0,20.3,46.935804,9.377498,2747625.0,1200125.0,2400,SW,20-30
t7_2400_SW_20-30_80,7,396,1076,2317.7,239.2,24.2,46.942213,9.397437,2749125.0,1200875.0,2400,SW,20-30
t7_2400_W_20-30_81,7,414,1022,2409.2,277.0,24.9,46.90464,9.218833,2735625.0,1196375.0,2400,W,20-30
t7_2400_NW_20-30_82,7,411,977,2376.7,299.3,21.5,46.913585,9.071416,2724375.0,1197125.0,2400,NW,20-30
t7_2400_NW_20-30_83,7,396,1042,2339.9,322.2,24.1,46.944068,9.285829,2740625.0,1200875.0,2400,NW,20-30
t7_2400_N_30-42_84,7,410,1050,2457.9,7.1,30.9,46.912167,9.310993,2742625.0,1197375.0,2400,N,30-42
t7_2400_NE_30-42_85,7,399,1083,2386.6,31.2,34.9,46.935073,9.420165,2750875.0,1200125.0,2400,NE,30-42
t7_2400_NE_30-42_86,7,420,1009,2313.9,57.1,35.2,46.891805,9.175752,2732375.0,1194875.0,2400,NE,30-42
t7_2400_E_30-42_87,7,395,1071,2369.4,90.4,33.3,46.944741,9.381106,2747875.0,1201125.0,2400,E,30-42
t7_2400_SE_30-42_88,7,422,977,2388.3,113.6,32.2,46.888854,9.070665,2724375.0,1194375.0,2400,SE,30-42
t7_2400_SE_30-42_89,7,415,1074,2227.7,140.3,35.6,46.899611,9.389321,2748625.0,1196125.0,2400,SE,30-42
t7_2400_S_30-42_90,7,411,980,2357.6,172.2,31.2,46.913445,9.081259,2725125.0,1197125.0,2400,S,30-42
t7_2400_SW_30-42_91,7,403,1080,2297.0,210.9,35.6,46.926251,9.409989,2750125.0,1199125.0,2400,SW,30-42
t7_2400_W_30-42_92,7,416,1096,2453.4,248.7,36.1,46.89611,9.461392,2754125.0,1195875.0,2400,W,30-42
t7_2400_W_30-42_93,7,420,1016,2376.1,266.1,32.4,46.891455,9.198709,2734125.0,1194875.0,2400,W,30-42
t7_2400_NW_30-42_94,7,406,1027,2390.4,295.6,32.5,46.922369,9.235836,2736875.0,1198375.0,2400,NW,30-42
t7_2400_N_30-42_95,7,344,1129,2333.7,340.7,36.6,47.055998,9.576049,2762375.0,1213875.0,2400,N,30-42
t7_2400_N_42-55_96,7,414,1069,2390.2,5.6,47.7,46.902138,9.373002,2747375.0,1196375.0,2400,N,42-55
t7_2400_NE_42-55_97,7,413,1062,2387.8,37.8,46.9,46.904771,9.350122,2745625.0,1196625.0,2400,NE,42-55
t7_2400_NE_42-55_98,7,427,965,2306.3,60.2,46.4,46.878167,9.030977,2721375.0,1193125.0,2400,NE,42-55
t7_2400_E_42-55_99,7,424,965,2277.5,96.1,42.8,46.884912,9.031177,2721375.0,1193875.0,2400,E,42-55
t7_2400_NW_42-55_100,7,425,998,2389.7,295.5,47.8,46.881106,9.13932,2729625.0,1193625.0,2400,NW,42-55
t7_2400_NW_42-55_101,7,403,1029,2319.2,293.6,43.8,46.92901,9.242625,2737375.0,1199125.0,2400,NW,42-55
t7_2400_NW_42-55_102,7,421,1005,2452.3,309.2,45.3,46.889756,9.162561,2731375.0,1194625.0,2400,NW,42-55
t7_2400_NW_42-55_103,7,423,1002,2468.8,336.0,47.7,46.885407,9.152579,2730625.0,1194125.0,2400,NW,42-55
t7_2800_N_20-30_104,7,430,966,2618.8,6.5,26.8,46.871376,9.034056,2721625.0,1192375.0,2800,N,20-30
t7_2800_N_20-30_105,7,425,975,2645.1,20.4,23.4,46.882202,9.063902,2723875.0,1193625.0,2800,N,20-30
t7_2800_E_20-30_106,7,404,1032,2750.6,74.7,23.5,46.926607,9.252394,2738125.0,1198875.0,2800,E,20-30
t7_2800_E_20-30_107,7,407,1032,2857.5,103.3,24.9,46.919862,9.252167,2738125.0,1198125.0,2800,E,20-30
t7_2800_SE_20-30_108,7,431,961,2736.1,127.0,23.3,46.869355,9.017598,2720375.0,1192125.0,2800,SE,20-30
t7_2800_S_20-30_109,7,431,999,2809.1,158.9,23.4,46.867567,9.142172,2729875.0,1192125.0,2800,S,20-30
t7_2800_S_20-30_110,7,429,1002,2814.1,158.7,26.7,46.871917,9.15215,2730625.0,1192625.0,2800,S,20-30
t7_2800_S_20-30_111,7,389,1072,2665.0,194.2,23.9,46.958174,9.384877,2748125.0,1202625.0,2800,S,20-30
t7_2800_W_20-30_112,7,433,968,2953.5,255.3,25.1,46.864539,9.040412,2722125.0,1191625.0,2800,W,20-30
t7_2800_W_20-30_113,7,433,996,2708.3,285.0,22.4,46.863217,9.132196,2729125.0,1191625.0,2800,W,20-30
t7_2800_NW_20-30_114,7,427,962,2662.3,315.3,23.2,46.878303,9.021141,2720625.0,1193125.0,2800,NW,20-30
t7_2800_NW_20-30_115,7,423,1016,2757.5,320.4,27.9,46.88471,9.198488,2734125.0,1194125.0,2800,NW,20-30
t7_2800_NW_30-42_116,7,413,1057,2872.6,332.9,34.8,46.905044,9.33372,2744375.0,1196625.0,2800,NW,30-42
t7_2800_NW_30-42_117,7,419,1019,2717.5,336.0,35.0,46.893551,9.208622,2734875.0,1195125.0,2800,NW,30-42
t7_2800_N_30-42_118,7,412,1053,2660.6,11.4,37.6,46.907509,9.320678,2743375.0,1196875.0,2800,N,30-42
t7_2800_SE_30-42_119,7,430,973,2802.2,129.9,30.5,46.871054,9.057006,2723375.0,1192375.0,2800,SE,30-42
t7_2800_NW_30-42_120,7,428,999,2767.5,305.2,37.4,46.874312,9.142386,2729875.0,1192875.0,2800,NW,30-42
t7_2800_NW_30-42_121,7,409,1028,2797.9,316.1,40.8,46.915573,9.238891,2737125.0,1197625.0,2800,NW,30-42
t7_2800_NW_30-42_122,7,412,1025,2650.0,305.0,33.8,46.908983,9.228824,2736375.0,1196875.0,2800,NW,30-42
t7_2800_NW_42-55_123,7,430,970,2691.0,328.0,45.3,46.871192,9.04717,2722625.0,1192375.0,2800,NW,42-55
t8_1600_N_20-30_0,8,467,1317,1562.1,351.6,24.8,46.766381,10.180141,2809375.0,1183125.0,1600,N,20-30
t8_1600_N_20-30_1,8,665,1334,1610.5,19.3,24.7,46.32003,10.212831,2813625.0,1133625.0,1600,N,20-30
t8_1600_NE_20-30_2,8,445,1419,1578.8,66.6,23.6,46.807315,10.516533,2834875.0,1188625.0,1600,NE,20-30
t8_1600_E_20-30_3,8,663,1281,1551.7,95.7,27.1,46.328609,10.041108,2800375.0,1134125.0,1600,E,20-30
t8_1600_SE_20-30_4,8,529,1395,1640.1,117.0,30.0,46.620638,10.427504,2828875.0,1167625.0,1600,SE,20-30
t8_1600_SE_20-30_5,8,452,1344,1646.9,157.1,24.5,46.797936,10.270221,2816125.0,1186875.0,1600,SE,20-30
t8_1600_S_20-30_6,8,462,1316,1556.0,168.7,22.3,46.777697,10.177442,2809125.0,1184375.0,1600,S,20-30
t8_1600_S_20-30_7,8,671,1213,1607.7,200.4,21.6,46.315484,9.819666,2783375.0,1132125.0,1600,S,20-30
t8_1600_SW_20-30_8,8,691,1313,1663.7,244.0,29.0,46.263242,10.1418,2808375.0,1127125.0,1600,SW,20-30
t8_1600_W_20-30_9,8,658,1291,1568.6,282.0,24.9,46.339097,10.074099,2802875.0,1135375.0,1600,W,20-30
t8_1600_NW_20-30_10,8,532,1402,1562.7,297.6,26.3,46.613294,10.449959,2830625.0,1166875.0,1600,NW,20-30
t8_1600_NW_20-30_11,8,455,1361,1597.8,327.9,21.6,46.789801,10.325491,2820375.0,1186125.0,1600,NW,20-30
t8_1600_N_30-42_12,8,699,1121,1641.5,1.0,38.5,46.258423,9.518763,2760375.0,1125125.0,1600,N,30-42
t8_1600_NE_30-42_13,8,383,1398,1559.9,32.5,34.3,46.948471,10.455612,2829625.0,1204125.0,1600,NE,30-42
t8_1600_NE_30-42_14,8,687,1293,1585.8,48.2,33.0,46.273764,10.077422,2803375.0,1128125.0,1600,NE,30-42
t8_1600_E_30-42_15,8,393,1404,1511.8,87.1,36.3,46.92548,10.47403,2831125.0,1201625.0,1600,E,30-42
t8_1600_SE_30-42_16,8,714,1269,1660.0,122.3,34.7,46.214864,9.996773,2797375.0,1121375.0,1600,SE,30-42
t8_1600_SE_30-42_17,8,652,1148,1637.8,149.0,35.1,46.362437,9.610488,2767125.0,1136875.0,1600,SE,30-42
t8_1600_S_30-42_18,8,694,1115,1643.4,190.4,37.5,46.27002,9.499742,2758875.0,1126375.0,1600,S,30-42
t8_1600_SW_30-42_19,8,669,1141,1508.9,204.0,35.3,46.324654,9.586246,2765375.0,1132625.0,1600,SW,30-42
t8_1600_SW_30-42_20,8,670,1296,1613.9,245.3,30.8,46.311746,10.089009,2804125.0,1132375.0,1600,SW,30-42
t8_1600_W_30-42_21,8,710,1275,1547.0,273.1,36.5,46.223413,10.016626,2798875.0,1122375.0,1600,W,30-42
t8_1600_NW_30-42_22,8,389,1413,1656.8,307.0,32.9,46.933681,10.504062,2833375.0,1202625.0,1600,NW,30-42
t8_1600_NW_30-42_23,8,514,1417,1699.7,318.8,35.9,46.652438,10.501167,2834375.0,1171375.0,1600,NW,30-42
t8_1600_N_42-55_24,8,709,1149,1582.4,2.5,49.3,46.234236,9.608614,2767375.0,1122625.0,1600,N,42-55
t8_1600_NE_42-55_25,8,672,1142,1623.7,28.7,43.1,46.317848,9.589224,2765625.0,1131875.0,1600,NE,42-55
t8_1600_NE_42-55_26,8,693,1303,1562.4,51.7,45.4,46.259517,10.109173,2805875.0,1126625.0,1600,NE,42-55
t8_1600_E_42-55_27,8,700,1154,1741.1,111.7,44.6,46.254156,9.625624,2768625.0,1124875.0,1600,E,42-55
t8_1600_SE_42-55_28,8,694,1166,1592.6,129.8,43.8,46.266885,9.665064,2771625.0,1126375.0,1600,SE,42-55
t8_1600_S_42-55_29,8,698,1159,1516.4,160.8,49.6,46.258338,9.64201,2769875.0,1125375.0,1600,S,42-55
t8_1600_S_42-55_30,8,661,1106,1686.1,187.5,43.4,46.344737,9.473342,2756625.0,1134625.0,1600,S,42-55
t8_1600_SW_42-55_31,8,683,1304,1585.0,202.6,43.6,46.281917,10.113519,2806125.0,1129125.0,1600,SW,42-55
t8_1600_W_42-55_32,8,395,1410,1613.3,271.7,42.3,46.920462,10.493454,2832625.0,1201125.0,1600,W,42-55
t8_1600_NW_42-55_33,8,430,1392,1564.6,294.6,42.5,46.843371,10.430038,2828125.0,1192375.0,1600,NW,42-55
t8_1600_NW_42-55_34,8,384,1416,1629.7,301.9,45.5,46.944653,10.514547,2834125.0,1203875.0,1600,NW,42-55
t8_1600_NW_42-55_35,8,658,1156,1547.4,327.9,45.9,46.348448,9.635919,2769125.0,1135375.0,1600,NW,42-55
t8_2000_N_20-30_36,8,678,1121,1955.8,0.6,23.5,46.305633,9.52057,2760375.0,1130375.0,2000,N,20-30
t8_2000_NE_20-30_37,8,572,1352,1975.6,24.6,23.5,46.527596,10.282159,2818125.0,1156875.0,2000,NE,20-30
t8_2000_E_20-30_38,8,490,1403,2035.0,69.1,23.5,46.707591,10.458495,2830875.0,1177375.0,2000,E,20-30
t8_2000_E_20-30_39,8,460,1418,1955.7,95.4,26.1,46.773697,10.511337,2834625.0,1184875.0,2000,E,20-30
t8_2000_SE_20-30_40,8,447,1405,2071.8,115.5,24.3,46.804047,10.470461,2831375.0,1188125.0,2000,SE,20-30
t8_2000_SE_20-30_41,8,408,1390,2042.1,155.2,22.6,46.892981,10.426234,2827625.0,1197875.0,2000,SE,20-30
t8_2000_S_20-30_42,8,473,1274,1984.6,188.2,24.7,46.756188,10.038838,2798625.0,1181625.0,2000,S,20-30
t8_2000_SW_20-30_43,8,529,1379,1994.5,209.8,21.6,46.621996,10.375317,2824875.0,1167625.0,2000,SW,20-30
t8_2000_W_20-30_44,8,448,1325,1965.3,249.3,24.6,46.808451,10.208503,2811375.0,1187875.0,2000,W,20-30
t8_2000_W_20-30_45,8,402,1416,1964.8,261.9,26.9,46.904205,10.512232,2834125.0,1199375.0,2000,W,20-30
t8_2000_NW_20-30_46,8,372,1336,2049.7,310.7,25.0,46.978372,10.253438,2814125.0,1206875.0,2000,NW,20-30
t8_2000_N_20-30_47,8,637,1299,1987.6,337.7,26.1,46.38569,10.102376,2804875.0,1140625.0,2000,N,20-30
t8_2000_N_30-42_48,8,470,1309,1961.8,353.0,32.6,46.760264,10.153635,2807375.0,1182375.0,2000,N,30-42
t8_2000_NE_30-42_49,8,525,1254,1961.3,39.9,35.2,46.640779,9.967944,2793625.0,1168625.0,2000,NE,30-42
t8_2000_NE_30-42_50,8,513,1310,1938.8,64.2,32.6,46.663543,10.152039,2807625.0,1171625.0,2000,NE,30-42
t8_2000_E_30-42_51,8,400,1311,2072.0,86.7,36.1,46.917432,10.168145,2807875.0,1199875.0,2000,E,30-42
t8_2000_SE_30-42_52,8,557,1234,1999.8,128.8,33.1,46.570281,9.899395,2788625.0,1160625.0,2000,SE,30-42
t8_2000_SE_30-42_53,8,615,1192,2059.4,138.9,35.0,46.442781,9.756908,2778125.0,1146125.0,2000,SE,30-42
t8_2000_S_30-42_54,8,657,1321,2042.9,171.7,34.9,46.339036,10.171564,2810375.0,1135625.0,2000,S,30-42
t8_2000_SW_30-42_55,8,520,1251,2014.5,209.1,35.9,46.652234,9.958678,2792875.0,1169875.0,2000,SW,30-42
t8_2000_SW_30-42_56,8,698,1145,1964.7,244.9,35.9,46.259213,9.596636,2766375.0,1125375.0,2000,SW,30-42
t8_2000_W_30-42_57,8,653,1295,1960.0,280.7,36.2,46.350032,10.087628,2803875.0,1136625.0,2000,W,30-42
t8_2000_NW_30-42_58,8,391,1317,2014.5,300.2,33.3,46.937187,10.18886,2809375.0,1202125.0,2000,NW,30-42
t8_2000_NW_30-42_59,8,473,1297,2006.9,335.3,34.1,46.754449,10.114054,2804375.0,1181625.0,2000,NW,30-42
t8_2000_N_42-55_60,8,477,1277,1999.2,0.5,42.1,46.746973,10.048214,2799375.0,1180625.0,2000,N,42-55
t8_2000_NE_42-55_61,8,693,1298,2053.0,37.7,44.0,46.259899,10.092971,2804625.0,1126625.0,2000,NE,42-55
t8_2000_NE_42-55_62,8,470,1351,2014.5,63.5,46.1,46.756913,10.290985,2817875.0,1182375.0,2000,NE,42-55
t8_2000_E_42-55_63,8,602,1229,2092.3,91.1,43.5,46.469481,9.878535,2787375.0,1149375.0,2000,E,42-55
t8_2000_SE_42-55_64,8,598,1230,2034.5,114.5,43.0,46.478402,9.882194,2787625.0,1150375.0,2000,SE,42-55
t8_2000_SE_42-55_65,8,577,1377,2066.1,155.8,47.5,46.514292,10.362954,2824375.0,1155625.0,2000,SE,42-55
t8_2000_S_42-55_66,8,576,1382,2023.3,190.2,46.9,46.516119,10.379353,2825625.0,1155875.0,2000,S,42-55
t8_2000_SW_42-55_67,8,487,1291,2028.9,238.1,43.9,46.723441,10.092884,2802875.0,1178125.0,2000,SW,42-55
t8_2000_W_42-55_68,8,472,1356,2065.3,255.3,42.5,46.752008,10.307096,2819125.0,1181875.0,2000,W,42-55
t8_2000_W_42-55_69,8,699,1278,1894.2,270.1,42.8,46.247916,10.027518,2799625.0,1125125.0,2000,W,42-55
t8_2000_NW_42-55_70,8,705,1278,1990.4,298.9,44.0,46.23443,10.026876,2799625.0,1123625.0,2000,NW,42-55
t8_2000_N_42-55_71,8,666,1146,2064.3,343.5,46.4,46.331089,9.602739,2766625.0,1133375.0,2000,N,42-55
t8_2400_N_20-30_72,8,647,1334,2335.5,3.7,28.6,46.360485,10.214898,2813625.0,1138125.0,2400,N,20-30
t8_2400_N_20-30_73,8,543,1374,2354.1,22.0,27.6,46.590953,10.357308,2823625.0,1164125.0,2400,N,20-30
t8_2400_NE_20-30_74,8,643,1197,2438.5,62.4,22.6,46.379506,9.77046,2779375.0,1139125.0,2400,NE,20-30
t8_2400_E_20-30_75,8,397,1336,2361.3,92.3,22.9,46.922189,10.250495,2814125.0,1200625.0,2400,E,20-30
t8_2400_SE_20-30_76,8,563,1288,2456.3,120.8,26.1,46.55285,10.074728,2802125.0,1159125.0,2400,SE,20-30
t8_2400_SE_20-30_77,8,407,1385,2393.9,153.2,22.0,46.895655,10.409967,2826375.0,1198125.0,2400,SE,20-30
t8_2400_S_20-30_78,8,546,1230,2408.8,170.9,23.3,46.595288,9.887478,2787625.0,1163375.0,2400,S,20-30
t8_2400_SW_20-30_79,8,539,1354,2383.9,213.0,29.0,46.601598,10.292583,2818625.0,1165125.0,2400,SW,20-30
t8_2400_SW_20-30_80,8,580,1269,2410.8,247.2,20.6,46.516058,10.011007,2797375.0,1154875.0,2400,SW,20-30
t8_2400_W_20-30_81,8,345,1383,2363.2,278.7,29.2,47.03515,10.411116,2825875.0,1213625.0,2400,W,20-30
t8_2400_NW_20-30_82,8,605,1216,2466.7,302.0,25.3,46.463638,9.835944,2784125.0,1148625.0,2400,NW,20-30
t8_2400_NW_20-30_83,8,515,1234,2407.0,335.8,26.6,46.664688,9.903699,2788625.0,1171125.0,2400,NW,20-30
t8_2400_N_30-42_84,8,387,1394,2432.2,10.3,34.1,46.939828,10.441983,2828625.0,1203125.0,2400,N,30-42
t8_2400_NE_30-42_85,8,687,1283,2414.2,34.2,35.3,46.274516,10.045009,2800875.0,1128125.0,2400,NE,30-42
t8_2400_NE_30-42_86,8,638,1189,2345.9,65.7,35.1,46.391278,9.744953,2777375.0,1140375.0,2400,NE,30-42
t8_2400_E_30-42_87,8,409,1310,2332.7,94.6,36.1,46.897283,10.163839,2807625.0,1197625.0,2400,E,30-42
t8_2400_SE_30-42_88,8,611,1224,2414.3,123.7,37.6,46.449599,9.861364,2786125.0,1147125.0,2400,SE,30-42
t8_2400_SE_30-42_89,8,561,1202,2384.6,148.2,33.8,46.563499,9.794702,2780625.0,1159625.0,2400,SE,30-42
t8_2400_S_30-42_90,8,558,1221,2415.2,177.1,34.9,46.568942,9.856923,2785375.0,1160375.0,2400,S,30-42
t8_2400_SW_30-42_91,8,565,1355,2372.0,209.3,39.5,46.543083,10.292758,2818875.0,1158625.0,2400,SW,30-42
t8_2400_SW_30-42_92,8,601,1249,2548.7,230.1,41.9,46.470311,9.943703,2792375.0,1149625.0,2400,SW,30-42
t8_2400_W_30-42_93,8,646,1194,2352.5,278.4,38.7,46.372963,9.760427,2778625.0,1138375.0,2400,W,30-42
t8_2400_NW_30-42_94,8,618,1228,2357.5,297.2,38.1,46.433585,9.873666,2787125.0,1145375.0,2400,NW,30-42
t8_2400_NW_30-42_95,8,565,1203,2340.3,333.2,35.9,46.55444,9.797569,2780875.0,1158625.0,2400,NW,30-42
t8_2400_N_42-55_96,8,460,1367,2409.5,3.2,46.9,46.778066,10.344517,2821875.0,1184875.0,2400,N,42-55
t8_2400_N_42-55_97,8,679,1137,2413.6,20.8,43.0,46.302418,9.572383,2764375.0,1130125.0,2400,N,42-55
t8_2400_E_42-55_98,8,668,1231,2380.7,71.6,42.4,46.320984,9.878361,2787875.0,1132875.0,2400,E,42-55
t8_2400_E_42-55_99,8,455,1287,2450.2,84.8,48.5,46.795667,10.083338,2801875.0,1186125.0,2400,E,42-55
t8_2400_SE_42-55_100,8,606,1226,2389.2,122.3,43.3,46.460699,9.868372,2786625.0,1148375.0,2400,SE,42-55
t8_2400_SE_42-55_101,8,671,1247,2355.5,152.3,47.5,46.31311,9.929961,2791875.0,1132125.0,2400,SE,42-55
t8_2400_S_42-55_102,8,587,1411,2406.2,184.1,44.5,46.488916,10.472368,2832875.0,1153125.0,2400,S,42-55
t8_2400_SW_42-55_103,8,588,1414,2474.4,204.5,48.9,46.486408,10.482003,2833625.0,1152875.0,2400,SW,42-55
t8_2400_SW_42-55_104,8,455,1389,2415.2,236.4,45.1,46.787447,10.417103,2827375.0,1186125.0,2400,SW,42-55
t8_2400_W_42-55_105,8,658,1296,2348.3,266.3,45.1,46.338718,10.090325,2804125.0,1135375.0,2400,W,42-55
t8_2400_W_42-55_106,8,464,1380,2389.1,288.8,43.3,46.767986,10.38655,2825125.0,1183875.0,2400,W,42-55
t8_2400_NW_42-55_107,8,666,1153,2373.0,319.7,42.2,46.330652,9.625456,2768375.0,1133375.0,2400,NW,42-55
t8_2800_N_20-30_108,8,642,1222,2777.3,352.6,21.4,46.380054,9.851758,2785625.0,1139375.0,2800,N,20-30
t8_2800_NE_20-30_109,8,657,1194,2845.6,33.5,20.8,46.348235,9.75937,2778625.0,1135625.0,2800,NE,20-30
t8_2800_NE_20-30_110,8,651,1199,2791.7,55.1,24.9,46.361389,9.776181,2779875.0,1137125.0,2800,NE,20-30
t8_2800_E_20-30_111,8,624,1217,2831.3,93.6,25.2,46.42086,9.837306,2784375.0,1143875.0,2800,E,20-30
t8_2800_SE_20-30_112,8,631,1216,2786.1,122.6,25.3,46.405194,9.833361,2784125.0,1142125.0,2800,SE,20-30
t8_2800_SE_20-30_113,8,687,1267,2818.7,156.1,25.2,46.275699,9.993146,2796875.0,1128125.0,2800,SE,20-30
t8_2800_S_20-30_114,8,684,1146,2827.6,183.7,25.8,46.290624,9.601128,2766625.0,1128875.0,2800,S,20-30
t8_2800_SW_20-30_115,8,591,1248,2843.1,209.7,24.6,46.49286,9.941488,2792125.0,1152125.0,2800,SW,20-30
t8_2800_SW_20-30_116,8,606,1304,2833.6,239.8,23.1,46.454982,10.122061,2806125.0,1148375.0,2800,SW,20-30
t8_2800_W_20-30_117,8,695,1185,2802.0,278.7,26.1,46.263408,9.726555,2776375.0,1126125.0,2800,W,20-30
t8_2800_NW_20-30_118,8,673,1165,2786.3,302.0,23.3,46.314157,9.663754,2771375.0,1131625.0,2800,NW,20-30
t8_2800_NW_20-30_119,8,637,1228,2748.6,328.7,27.8,46.390876,9.871749,2787125.0,1140625.0,2800,NW,20-30
t8_2800_N_30-42_120,8,625,1318,2808.6,349.2,37.5,46.411193,10.165441,2809625.0,1143625.0,2800,N,30-42
t8_2800_NE_30-42_121,8,502,1352,2818.5,32.0,33.2,46.684915,10.29045,2818125.0,1174375.0,2800,NE,30-42
t8_2800_NE_30-42_122,8,651,1189,2809.5,62.0,35.7,46.362054,9.743712,2777375.0,1137125.0,2800,NE,30-42
t8_2800_E_30-42_123,8,660,1172,2796.8,97.3,36.6,46.342932,9.687673,2773125.0,1134875.0,2800,E,30-42
t8_2800_SE_30-42_124,8,641,1266,2781.8,125.4,34.4,46.379168,9.994765,2796625.0,1139625.0,2800,SE,30-42
t8_2800_S_30-42_125,8,637,1335,2774.9,161.5,37.8,46.382881,10.219296,2813875.0,1140625.0,2800,S,30-42
t8_2800_S_30-42_126,8,679,1168,2974.4,179.2,33.8,46.300478,9.672932,2772125.0,1130125.0,2800,S,30-42
t8_2800_SW_30-42_127,8,658,1191,2844.0,220.5,32.8,46.346187,9.749536,2777875.0,1135375.0,2800,SW,30-42
t8_2800_SW_30-42_128,8,627,1228,2758.3,241.2,37.0,46.413355,9.872757,2787125.0,1143125.0,2800,SW,30-42
t8_2800_W_30-42_129,8,641,1208,2828.5,264.6,30.8,46.383261,9.806384,2782125.0,1139625.0,2800,W,30-42
t8_2800_NW_30-42_130,8,395,1387,2773.6,294.6,34.3,46.922451,10.418019,2826875.0,1201125.0,2800,NW,30-42
t8_2800_NW_30-42_131,8,693,1200,2791.4,337.2,37.4,46.26691,9.775364,2780125.0,1126625.0,2800,NW,30-42
t8_2800_N_42-55_132,8,681,1146,2923.3,5.8,46.4,46.297368,9.601397,2766625.0,1129625.0,2800,N,42-55
t8_2800_NE_42-55_133,8,491,1332,2779.1,38.8,42.9,46.711253,10.226411,2813125.0,1177125.0,2800,NE,42-55
t8_2800_NE_42-55_134,8,576,1417,2856.5,65.4,42.3,46.513112,10.493284,2834375.0,1155875.0,2800,NE,42-55
t8_2800_E_42-55_135,8,682,1154,2810.8,100.1,43.3,46.294621,9.627252,2768625.0,1129375.0,2800,E,42-55
t8_2800_SE_42-55_136,8,660,1204,2739.8,124.7,43.0,46.340822,9.791539,2781125.0,1134875.0,2800,SE,42-55
t8_2800_SE_42-55_137,8,663,1202,2766.3,148.7,45.5,46.334213,9.784756,2780625.0,1134125.0,2800,SE,42-55
t8_2800_S_42-55_138,8,586,1407,2782.7,177.1,46.9,46.491511,10.459479,2831875.0,1153375.0,2800,S,42-55
t8_2800_S_42-55_139,8,587,1394,2694.9,201.0,42.0,46.490381,10.417056,2828625.0,1153125.0,2800,S,42-55
t8_2800_W_42-55_140,8,575,1425,2704.6,249.4,44.1,46.514656,10.519452,2836375.0,1156125.0,2800,W,42-55
t8_2800_W_42-55_141,8,678,1152,2758.1,291.9,44.5,46.303738,9.621127,2768125.0,1130375.0,2800,W,42-55
t8_2800_NW_42-55_142,8,621,1251,2803.1,298.2,43.1,46.425212,9.948127,2792875.0,1144625.0,2800,NW,42-55
t8_2800_NW_42-55_143,8,573,1415,2726.2,337.4,46.7,46.520029,10.487154,2833875.0,1156625.0,2800,NW,42-55
